"authorDisplayName","textDisplay","likeCount","AI_Sentiment","AI_Focus","AI_Audience","AI_Member"
@NAWALL-7,ً,0,0,其他,Unknown,None
@Eunice_Ea,". .YEAH, SUNG HANBIN IS THE THUMBMAIL👏👏👏👏. .",81,1,Visual/妆造与表情管理,Unknown,成韩彬
@Emmy-jv2zp,"""ZB1's dancing skills are out of this world, and the choreography is top-tier!""",5,1,Dance/走位与舞蹈力度,Unknown,None
@dhonaslife18,"“Honestly, this video literally made me cry. I’m so freaking proud of ZEROBASEONE. They turned everyone’s worries about becoming just 5 members into something this cool, stylish, and amazing. Thank you, ZB1, for staying strong, being brave, and deciding to keep going as 5. Losing 4 members must’ve been the hardest thing ever, but you guys really proved that you can do it. Keep shining and stay successful, my loves 🫶”",1,1,其他,Zerose,None
@wnana1001,*NSYNC’s Korean sons,2,1,其他,Casual,None
@kariaries8151,~ Top 5 ❤️‍🔥 ~,4,1,其他,Unknown,None
@GyeomDan,✨️🐹🐱❤️✨️🐥💛,2,1,其他,Zerose,石马修
@GyeomDan,✨️제로베이스원✨️,2,1,其他,Zerose,None
@zerose_allin,❤,1,1,其他,Unknown,None
@zerose_allin,❤❤,2,1,其他,Unknown,None
@zerose_allin,❤❤❤,0,1,其他,Unknown,None
@feliceadela,❤❤❤❤,1,1,其他,Unknown,None
@melaneac,❤❤❤❤❤,0,1,其他,Unknown,None
@coreythis.coreythat,❤❤❤❤❤❤❤❤❤❤❤❤,1,1,其他,Unknown,None
@skysky2599,❤❤🎉🎉🎉,0,1,其他,Unknown,None
@sreelekshmiachu,❤😮oo my god they look so damn petty,1,1,Visual/妆造与表情管理,Unknown,None
@mikas2808,❤Taerae❤,0,1,其他,Unknown,金泰来
@ernextstudio5974,👋👋👋,0,0,其他,Unknown,None
@raymundmateo8262,💗💗💗,0,1,其他,Unknown,None
@J.M_BE,💙💙💙💙,0,1,其他,Zerose,None
@aimeearmentacota8193,💙Zb1💙,0,1,其他,Zerose,None
@hazy008,💜💜💜💜💜,0,1,其他,Unknown,None
@kirabin,🔝🖐,3,1,其他,Zerose,None
@taemyway,🔥🔥🔥🔥,1,1,其他,Unknown,None
@얌얌-m7h,"🤔...좀 더 보고 싶다...생각할 때쯤 노래가 끝나버려서, 벌써(?!)😮하구 당황스러울 정도로 완벽한 제베원의 'TOP5'가 좋음❤진짜",28,1,其他,Unknown,None
@Luanegra-k-t2n,😊🤍❤️😘💜,1,1,其他,Unknown,None
@manuelasaraiva8488,😍😍😍,2,1,其他,Unknown,None
@ruipili1864,😘😘😘😍😍😍,0,0,其他,Unknown,None
@AJ-xf1wj,😱✋😮‍💨❤️‍🔥🔥😭🤩😫,0,1,其他,Unknown,None
@NowIAmInBloom,"0:05 HANBIN thumbnail is just devastating with those sharp eyes....",205,1,Visual/妆造与表情管理,Unknown,成韩彬
@NowIAmInBloom,"0:06 honestly HANBIN has a very good facial expression and dance language with perfect balance....incredible dancer.",201,1,Visual/妆造与表情管理,Unknown,成韩彬
@NowIAmInBloom,"0:06 It's 2.4M views now, Let's reach 3M....",6,0,其他,Zerose,None
@NowIAmInBloom,"0:09 That devastating,  incredible,  tall, handsome,  cool, Wolf like man SUNGHANBIN,  is really breathtaking. And singing TOP5 🔝 with that voice....",27,1,Vocal/高音与唱功,Unknown,成韩彬
@NowIAmInBloom,"0:10 we reached 21M views in TOP5 MV...😮",93,0,其他,Unknown,None
@himawarimoriwaka226,"0:16 jiwoong really looks stunning here",9,1,Visual/妆造与表情管理,Unknown,金地雄
@JangmiCherry,"0:22 Jiwoong, saw you there… that face card that never declines",9,1,Visual/妆造与表情管理,Unknown,金地雄
@user-xx4xy7hb3m,"0:33 slay~~~~~~~",21,1,Dance/走位与舞蹈力度,Unknown,None
@ThereIsNoWaste,"0:50        1:40",2,0,其他,Unknown,None
@white_v,"0:52 SERVEEEEE TAERAEEEE",3,1,Visual/妆造与表情管理,Unknown,金泰来
@moa_plli99,"0:52 THIS LEGENDARY TAERAE PART🫶🫶🫶",12,1,Vocal/高音与唱功,Unknown,金泰来
@Zhanghao-r9u,"0:53 min Reminds me of Duang with you 😂",1,0,其他,Unknown,None
@marrysakkkkkuyyyyya,"0:53 레전드파트시작",1,1,Dance/走位与舞蹈力度,Unknown,None
@dgg8765,"0:58 1:49 2:00 야르렁",4,0,其他,Unknown,None
@bernaelgun9399,"02:00 Matthew ATEEEE",2,1,Dance/走位与舞蹈力度,Unknown,石马修
@ThereIsNoWaste,"1:00  성한빈 씨처럼 부드럽게 하지 못하고, 태래가 재킷을 살짝 벗었다가 다시 급하게 입으면서, 옷깃이  태래 얼굴을 찰싹 때리는 게 왜 이렇게 귀엽지? 확대해보면 우낌. 😂  1:00 확대해서 보다보면, 곧바로 성한빈과 박건욱의 얼굴 공격이 나옴.⚘️",2,1,Visual/妆造与表情管理,Zerose,金泰来
@あちゃちゃ-k9r,"1:00 미쳤어 김태래ㅠㅠㅠㅜㅜㅜㅜㅜ드디어 해놨다ㅠㅠㅠㅠㅠㅜ",20,1,Vocal/高音与唱功,Zerose,金泰来
@リスペクト-e1r,"1:01",0,0,其他,Unknown,None
@rosieheartz,"1:18 ICONIK MENTIONED 🗣️🗣️",0,1,Dance/走位与舞蹈力度,Unknown,None
@Betweenmarsandjupiter,"1:24 the shadows in the background matching their music video is genius",1,1,其他,Unknown,None
@shuhodi,"1:28 i live for the rapper jiwoong yall",1,1,其他,Unknown,金地雄
@ellaanansings,"1:28 JIWOONGIE'S RAP!?❤❤❤",3,1,其他,Unknown,金地雄
@이끼-o8u,"1:28 연출 미쳣네",21,1,Visual/妆造与表情管理,Unknown,None
@Mina-my3ky,"1:31 he is literally flying",0,1,Dance/走位与舞蹈力度,Unknown,None
@IrochkA-z9n,"1:31 Jiwoong's voice is so deep and audacious, I'm in heaven",1,1,Vocal/高音与唱功,Unknown,金地雄
@minami_yama,"1:32 大移動ジウン🚶=3",1,1,Dance/走位与舞蹈力度,Unknown,金地雄
@Thtmxk,"1:37 다죽자 모먼트 십알",2,1,Dance/走位与舞蹈力度,Unknown,None
@komuroal,"1:41",0,0,其他,Unknown,None
@Yurayura-h20,"1:41 0:52",0,0,其他,Unknown,None
@sweetescapess,"1:41 best part 🐹",2,1,Dance/走位与舞蹈力度,Zerose,石马修
@oisisa,"1:44 ソンハンビンさんターンしてもすぐお顔が正面に向いて凄すぎるよ…軸ぶれさすぎ天才アイドル",16,1,Dance/走位与舞蹈力度,Casual,成韩彬
@NowIAmInBloom,"1:48 we are okay....we survived.... Hwaiting... Hanbinaaa...",17,1,其他,Zerose,成韩彬
@cmtbs28,"1:59 THIS PART IS ABSOLUTE CINEMA",1,1,Dance/走位与舞蹈力度,Unknown,None
@careli7420,"1. ngelihat mereka as 5.. baru dan aneh. semoga segera terbiasa.
2. lagunya enak bangettt
3. seperti biasa, sinkron ga pernah mengecewakan 
4. lagunya keren bangettttt
5. ada yang kurang, kurang lama durasinyaaaaa",1,0,其他,Casual,None
@wedadWodeee,"2:00 MATTHEW SO COOL 😩😩😩",0,1,Visual/妆造与表情管理,Unknown,石马修
@babyprincessgalaxy,"2:00 Matthew’s part here is so iconic! His dancing is so mesmerizing ❤️",6,1,Dance/走位与舞蹈力度,Unknown,石马修
@seokjin1834,"2:00 OMG Seok Matthewwwwww",0,1,其他,Unknown,石马修
@JJ-xe5jx,"2:00 SO SO SATISFAYING 😍🔥
Like this song cause this scene sneakpeak",0,1,Dance/走位与舞蹈力度,Unknown,None
@white_breath,"2:00 진짜 이 파트 매튜가 중심잡아주면서 대형도 안정감 들면서 쾌감 미침...",0,1,Dance/走位与舞蹈力度,Unknown,石马修
@foreverS2matthew,"2:01 매튜 파트 표정이랑 춤 잘살리는거 레전드 너무 멋있다ㅠㅠ❤",4,1,Visual/妆造与表情管理,Unknown,石马修
@rfimbf,"2:04 ゴヌペンだけどこの振りのメテュのグルーヴ感気持ち良すぎて大好き",5,1,Dance/走位与舞蹈力度,Zerose,石马修
@fuuyoutube01,"2:18 The way the choreography hits the beat perfectly here is so satisfying！",25,1,Dance/走位与舞蹈力度,Unknown,None
@lunar..eclipse,"2:39 Taerae’s eyebrow raise was on beat 😍 he looks sooo fine",1,1,Visual/妆造与表情管理,Unknown,金泰来
@thensoarewe,"2:40 AHHHHHHHHHH",0,0,其他,Unknown,None
@Azsxdcfv830,"2:40 막냉잌ㅋㅋㅋㅋㅋㅋ",0,0,其他,Unknown,None
@iamcoriane9854,"2:41 lmao Gunwook what is this 😭",2,0,其他,Unknown,朴乾煜
@iplaboyou,"2:41 this should be placed at the end HAHAHA",53,0,其他,Unknown,None
@cynthia-usa,"2:43 This style fits his perfectly. Stunning beauty Hanbin.",19,1,Visual/妆造与表情管理,Unknown,成韩彬
@Leo-n7w8v,"2:44 hanbin so handsome and cute",83,1,Visual/妆造与表情管理,Unknown,成韩彬
@STAYSKZOO-m3l,"2026❤",2,0,其他,Unknown,None
@finkydang522,"2M",4,0,其他,Unknown,None
@bininimocha,"2M soon!!!",3,0,其他,Unknown,None
@kitareiiiiii,"5th gen main visual and ace kim jiwoong is truly the most handsome 😍😍😍😍",11,1,Visual/妆造与表情管理,Unknown,金地雄
@zeroseallin,"5명 너무 잘해 완벽해❤",15,1,Dance/走位与舞蹈力度,Unknown,None
@peach-h1j,"5명의 제로베이스원 사랑하는 사람 손!!!!!!!!❤❤",8,1,其他,Zerose,None
@얌얌-o2u,"5명이 한명한명 너무 잘보이고 잘어울림",78,1,Visual/妆造与表情管理,Unknown,None
@かしこい犬,"5人でも9人でもゼベワンが良い方向に進化し続ける限りいつまでも応援するよ。ほんとうにいい曲😭",4,1,其他,Zerose,None
@めめ-x8o,"5人になって歌うパートダンスも増えたけど皆ほんとに上手いからもっとかっこいいし個々の良さが出てる",4,1,Dance/走位与舞蹈力度,Unknown,None
@さやか-s3r,"5人の魅力が最大限活かされてて本当に好き🥹",3,1,Visual/妆造与表情管理,Unknown,None
@childgiraffe,"9명에서 5명이 됐는데도 댄서 없이 이렇게 무대를 꽉 채우는 게 진짜 멋짐
서바이벌 출신답게 5명 다 실력있다는 게 느껴져서 진짜 너무 멋짐!!🥹👍💙",72,1,Dance/走位与舞蹈力度,Unknown,None
@断捨離おんな,"９人の頃のゼべワンはあまり気に留めてなかったのですが、おすすめに出てきた５人のこの曲を聴いて、映像を拝見してものすごく素敵だなって思いました。若さだけでなく大人の心を揺さぶる複雑な色気を感じます。ハンビンくんの特別感漂う色気、そして特に、テレ君の心地よく軽やかに吹くそよ風の様な色気のある歌声に初めて彼の良さを感じました。９人から５人になって今までとは違う数字による人気の差を感じるかもしれませんが、新規の私の様な今までのゼべワンをあまり知らない層を獲得していける気がしました。もうすでに彼らは頑張っていると思いますが、なんとなくエールを送りたくなる魅力をすごく感じます。",26,1,Vocal/高音与唱功,Casual,金泰来
@Brunno_off,A coreografia é muito boa.,3,1,Dance/走位与舞蹈力度,Unknown,None
@Betweenmarsandjupiter,A group where every single member can hit the high notes,8,1,Vocal/高音与唱功,Unknown,None
@izz.28,A part of me want to gatekeep this performance 🌚🙏🏻 but people need to know them 🥺🫶🏻 look at my babies become so matured already!!! So so proud of them 🙂‍↕️🙌🏻,1,1,其他,Zerose,None
@smily_xcx,"A top performer in the flesh. How Sung Hanbin manages to combine such powerful vocals with killer choreography?!!!

 And  his face card and expression are top notch...",3,1,Dance/走位与舞蹈力度,Unknown,成韩彬
@mangojeiui,AAAAA,1,0,其他,Unknown,None
@ajecian6324,absolute INSANITY,0,1,Dance/走位与舞蹈力度,Unknown,None
@neosticker6003,Absolutely enjoying this rebrand! Hope ZB1 will keep rising <3,5,1,其他,Casual,None
@kawaiikart77,"Addictive as always, the choreo is great!",0,1,Dance/走位与舞蹈力度,Unknown,None
@rainibubb,Ah... jiwoong ❤,0,1,Visual/妆造与表情管理,Unknown,金地雄
@iamvoldy4583,ahhhhahahahhaha i LOVE them! the song is so good?! hello! i mean i swore to not look at zb1 cause damn did b2p give me nightmares! but man this is too good to ignore!,0,1,其他,Casual,None
@Janjannah-v3t,"Aku bukan penggemarnya zb1,tapi semenjak Top 5 aku mulai mengikuti mereka,suka aja menurutku lebih suka aja❤",2,1,其他,Casual,None
@STAYSKZOO-m3l,"All my love, care, and encouragement to you. Wishing you continued success and all the best. May your future be bright, happy, and full of opportunities. Congratulations to you all. ❤",2,1,其他,Unknown,None
@MikaAzFe,All of zerobaseone are All-Rounders 😍,13,1,其他,Unknown,None
@ttnylamb4525,All the members with dark hair just hits different 😍,0,1,Visual/妆造与表情管理,Unknown,None
@Linda_moo,All visual,0,1,Visual/妆造与表情管理,Unknown,None
@sitarahussain9879,Also Top 5 is so catchy,0,1,其他,Unknown,None
@sleepybubb,Amazing choreography ❤,2,1,Dance/走位与舞蹈力度,Unknown,None
@Army-x7g,Ameiiiii,1,1,Visual/妆造与表情管理,Unknown,None
@Army-x7g,Ameiiiiiii,1,1,其他,Unknown,None
@wonielvss,Amo,7,1,其他,Unknown,None
@JangmiCherry,"An honest thought from zerose since predebut, them separating made a way for them to shine independently. I bet it is the same with the YH boys. I guess this change is not a bad thing at all…",1,1,其他,Zerose,None
@ahm.774,ate as always rahhh,3,1,Dance/走位与舞蹈力度,Unknown,None
@nicholascage06,ateeeeeeeee down,0,1,Dance/走位与舞蹈力度,Casual,None
@TWillTooReal,Ayyyyeee 🔥🔥🔥🔥,2,1,其他,Unknown,None
@reeve3288,"Back to the classic boy band 5, and it works. The voices are awesome, great job guys.",5,1,Vocal/高音与唱功,Casual,None
@kirabin,BANGER! 🔥,3,1,其他,Unknown,None
@dokkaebiw,BANGGA BANGETT 🥹🥹,1,1,其他,Unknown,None
@dannyordonez4167,bastaaaaaa me hacen sentir cosas de mujeeeerts  ( ꈍ◡ꈍ) el grupo mas visual verdaderamente,1,1,Visual/妆造与表情管理,Casual,None
@RaniKumari-zg9cj,"Before,I was so concerned about zb1 future ..but now I believe, these boys are unstoppable 😭, our top 5, you will always be my top 1..😭",7,1,其他,Zerose,None
@cynthia-usa,"Born to be an idol HANBIN🐹
His charisma, his stage presence, his dance, his beauty his everything is perfect. And Hanbin's  Dance movements are so clean and elegant. He is very talented and beautiful❤",7,1,Dance/走位与舞蹈力度,Zerose,成韩彬
@mr.jungjaehyuncansteponme,bro Hanbin has been looking extra fine lately,4,1,Visual/妆造与表情管理,Unknown,成韩彬
@Evaxxk,"Bro this is a HOLY REBRAND. TBH this is what i always wanted ZB1 to do. The concept, the song, the outfits and the clean visuals are IMACCULATE.  I guess it's one of their best releases EVER. 🤯🤯🤯",15,1,Visual/妆造与表情管理,Unknown,None
@dyolandar_2213,Broooo they shine even more now🥹✨,5,1,Visual/妆造与表情管理,Unknown,None
@paradoxxxnox,Can someone make me a time stamp with all members? I only know Matthew 😽,1,0,其他,Casual,石马修
@byeolsung811,Can't get enou6of hanbinnie,1,1,其他,Zerose,成韩彬
@Eriyasaan,Choreography on top 🔥,3,1,Dance/走位与舞蹈力度,Unknown,None
@zerose_allin,Cool guy sung hanbin ❤,34,1,Visual/妆造与表情管理,Unknown,成韩彬
@mr.jungjaehyuncansteponme,crazy how i cant seem to take my eyes off of every single one of them when they're on the center like EVERYBODY IS OWNING THIS ERA WTF,5,1,Visual/妆造与表情管理,Unknown,None
@jangmiroze,CRAZY KOK BS BER5 GANTENG SEMUA ARGHH,0,1,Visual/妆造与表情管理,Unknown,None
@Missaqi웅,Crazy visuals! I love you zb1 ❤,0,1,Visual/妆造与表情管理,Zerose,None
@AhnafAsifAbubacker,Cute hanbin ❤❤❤,3,1,Visual/妆造与表情管理,Unknown,成韩彬
@Sprinkle_ss,DAMN I CAN'T TAKE MY EYES OFF OF KIM JIWOONG 😂,0,1,Visual/妆造与表情管理,Unknown,金地雄
@angelbabyau,damn this comeback. it's fucking good.,1,1,其他,Unknown,None
@NabiZB1,Dancebaseone :),2,1,Dance/走位与舞蹈力度,Unknown,None
@溫翠翠,DANCING KING SUNG HAN BIN,34,1,Dance/走位与舞蹈力度,Unknown,成韩彬
@alamsyahputra8874,DANG!!!!!,0,1,其他,Unknown,None
@almondmilk3137,DAYUMMMMMM,4,1,其他,Unknown,None
@beatrizalves6150,Divoooosss,0,1,其他,Unknown,None
@chejaeyo,Dont forget to vote!!!,1,0,其他,Zerose,None
@ssstarplatinummm,dont they know im insane,0,1,其他,Unknown,None
@Brunno_off,"É Hit, Zerobaseone os maiorais❤",1,1,其他,Zerose,None
@karniafriani146,"Eh suka banget sama visual zb1 skrng, benr2 natural bgt ih gagah ganteng2 bgt 😭",6,1,Visual/妆造与表情管理,Unknown,None
@mntchocosun,"El primer performance en studio choom de zb1 como 5 miembros, i’m not strong 😭😭❤️‍🩹❤️‍🩹",2,0,其他,Unknown,None
@julidu,Eles estão maravilhosos demais nessa performance!!!,2,1,Visual/妆造与表情管理,Unknown,None
@kthcnvs,ES QUE LA PRESENVIA ESCENICA QUE TIENEN LOS 5 OMFG,2,1,Dance/走位与舞蹈力度,Unknown,None
@lari5sarc,Essa música é muito viciante 😍,1,1,其他,Unknown,None
@micaelamarianaolguintorres1814,Esta canción es arte,0,1,其他,Unknown,None
@micaelamarianaolguintorres1814,Esta canción es muy buena,1,1,其他,Casual,None
@thaisclaro03,"esta intro com o Hanbin, insano!",0,1,Visual/妆造与表情管理,Unknown,成韩彬
@page.anee_,ESTOY OBSESIONADA,1,1,其他,Unknown,None
@Carol_Nara,"Eu não sabia que PRECISAVA do ZB1 nesse conceito, até ter o ZB1 nesse conceito. Combinou tanto com eles, a música e coreografia destaca todos em algum momento. Eu tô obcecada por TOP5, não consigo parar de dar replay.",1,1,Dance/走位与舞蹈力度,Casual,None
@parksoojin6942,every member got the lines that suit them,6,1,其他,Unknown,None
@dindanurafifah7754,everyone doing really great 😢😢,0,1,其他,Unknown,None
@kimberlybrodeth6229,EVERYONE LOOKS SO GOOD,3,1,Visual/妆造与表情管理,Unknown,None
@yongburger2574,everyone’s extra sexy i cant handle it,3,1,Visual/妆造与表情管理,Unknown,None
@liv9726,Everyones so cool!! Also wth is kim taerae this comeback is insanely pretty,3,1,Visual/妆造与表情管理,Unknown,金泰来
@eainnyk,Everything is well balanced and satisfying,1,1,其他,Unknown,None
@yaquelinsanchez20,Excuse me Mr Jiwoong? 🫠❤️‍🔥,2,1,Visual/妆造与表情管理,Unknown,金地雄
@StayingCherry,excuse me they look SOOOOOOOO FINE,1,1,Visual/妆造与表情管理,Unknown,None
@4ntifra4gile,"EYYYY,",3,0,其他,Unknown,None
@kyawtkay306,Five Cool Gays 🤍,1,1,Visual/妆造与表情管理,Unknown,None
@sofiax9745,forever obsessed with seok matthew,10,1,其他,Unknown,石马修
@kataerine,gah damn hanbin,6,1,Visual/妆造与表情管理,Unknown,成韩彬
@alfidanurfajri2886,"giliran lagunya selera aku durasinya sedikit:’
sukses selalu sayangku semuanya",3,1,其他,Zerose,None
@pointseventhree,give taerae his flowers NEOW,1,1,Vocal/高音与唱功,Zerose,金泰来
@pointseventhree,"give the choreographer and song writer / producer a RAISE, PLSSS 🔥🔥🔥",2,1,其他,Unknown,None
@Panda68-d3q,Go go boys,2,1,其他,Unknown,None
@JhonreyBolon,GOATS,2,1,其他,Casual,None
@Mmmh-88,goats🐐🐐,0,1,其他,Unknown,None
@guesswhoisme114,GORGEOUS SUNG HANBIN!,4,1,Visual/妆造与表情管理,Unknown,成韩彬
@guesswhoisme114,GORGEOUS SUNG HANBINNNNNNNN,5,1,Visual/妆造与表情管理,Unknown,成韩彬
@digitalnomad916,Great song!! ❤❤❤,0,1,其他,Unknown,None
@exol3355,"gunwook being unserious, why he kept doing that face (adorable)",0,1,Visual/妆造与表情管理,Unknown,朴乾煜
@lettersforgunwook,Gunwook i love you 💙💙💙💙💙💙💙,1,1,其他,Zerose,朴乾煜
@julesrules4257,Gunwook is killing it 🔥🔥,3,1,Dance/走位与舞蹈力度,Unknown,朴乾煜
@BloomBright-j9t,Gunwook is so hot,5,1,Visual/妆造与表情管理,Unknown,朴乾煜
@RegufZxc,Gunwook looks so gewddd,1,1,Visual/妆造与表情管理,Unknown,朴乾煜
@Hyuneluv-zx3yw,Gunwook snarling I’m deddd,0,1,Visual/妆造与表情管理,Unknown,朴乾煜
@aimeearmentacota8193,Gunwook 🤩,0,1,Visual/妆造与表情管理,Unknown,朴乾煜
@mandimsianthang4838,Gunwook's rap is just another level,2,1,Vocal/高音与唱功,Unknown,朴乾煜
@4md44ki,Gunwooks my MANN,6,1,其他,Unknown,朴乾煜
@electrichearts,GUNWOOOK OH MY GAWD,1,1,其他,Unknown,朴乾煜
@babysho-u2i,haaaa ganteng bgt sung hanbin 😭,1,1,Visual/妆造与表情管理,Unknown,成韩彬
@AnhNgoc-j7z8c,Hanbin,22,1,Visual/妆造与表情管理,Unknown,成韩彬
@mr.jungjaehyuncansteponme,Hanbin and his smoldering eyes,4,1,Visual/妆造与表情管理,Unknown,成韩彬
@zebewonforever,Hanbin as thumbnail <33,20,1,Visual/妆造与表情管理,Unknown,成韩彬
@arianagomez9616,HANBIN ESTAS PRECIOSO 😮‍💨🩷,15,1,Visual/妆造与表情管理,Unknown,成韩彬
@Silviaanggraini-zg9vx,HANBIN Ganteng banget,4,1,Visual/妆造与表情管理,Unknown,成韩彬
@LidyaFakhira-q9p,hanbin gue ganteng banget😍😍,3,1,Visual/妆造与表情管理,Unknown,成韩彬
@hanyujin-w7p,HANBIN INSANEE,12,1,Visual/妆造与表情管理,Unknown,成韩彬
@LnRit02,hanbin is a goated idol he has it all,7,1,Visual/妆造与表情管理,Unknown,成韩彬
@soleilsr23,Hanbin is chef's kiss 💖,83,1,Visual/妆造与表情管理,Unknown,成韩彬
@BloomBright-j9t,Hanbin is handsome,14,1,Visual/妆造与表情管理,Unknown,成韩彬
@muffei,HANBIN IS INSANE OMGG 😵😵,26,1,Visual/妆造与表情管理,Unknown,成韩彬
@guesswhoisme114,hanbin is mine,4,1,其他,Zerose,成韩彬
@babyhamcat,hanbin is on fire❤️‍🔥❤️‍🔥,17,1,Visual/妆造与表情管理,Unknown,成韩彬
@littlepony704,Hanbin is so fine.,12,1,Visual/妆造与表情管理,Unknown,成韩彬
@zerobaseoneforeversoulmates,HANBIN IS SO GORGEOUS,60,1,Visual/妆造与表情管理,Unknown,成韩彬
@滴答啊,hanbin is so handsome.he dances best,67,1,Visual/妆造与表情管理,Unknown,成韩彬
@ferwoodz,"Hanbin just KNOWS what he’s doing, from every dance execution, facial expression, vocal range, speaking manners, a gentleman. That’s why his face is on so many brands. I was so happy to see him everywhere when I went to Seoul for encore. He is perfect.",10,1,Visual/妆造与表情管理,Casual,成韩彬
@maryumsheikh2893,HANBIN LET ME HIT PLEASEPLEASEPLEASEPWLSE,1,1,其他,Casual,成韩彬
@bomramie,HANBIN OMGGG,23,1,Visual/妆造与表情管理,Unknown,成韩彬
@feinatz,hanbin one chance,1,1,Visual/妆造与表情管理,Zerose,成韩彬
@barrameeing9683,Hanbin so cute❤,54,1,Visual/妆造与表情管理,Unknown,成韩彬
@layla-fb4mr,Hanbin so handsome,4,1,Visual/妆造与表情管理,Unknown,成韩彬
@ara21095,HANBIN SO HANDSOME 🐹 🩵,55,1,Visual/妆造与表情管理,Unknown,成韩彬
@lynlyn-i8q,hanbin so handsome today 🤧,23,1,Visual/妆造与表情管理,Unknown,成韩彬
@RFyijj,"Hanbin so sickkkkkk,too hot my boyyyyy🥵🥵🥵🥵",12,1,Visual/妆造与表情管理,Unknown,成韩彬
@HbMtLove,Hanbin why are you so fine?,13,1,Visual/妆造与表情管理,Unknown,成韩彬
@moon-shadow217,"Hanbin, our prince",3,1,Visual/妆造与表情管理,Unknown,成韩彬
@likewinterrr,Hanbin!!!,2,1,Visual/妆造与表情管理,Unknown,成韩彬
@IloveJungkooksomuch,Hanbin!!!!! SO CUTEE!!!!!❤❤❤,4,1,Visual/妆造与表情管理,Unknown,成韩彬
@YijingLi-j2d,Hanbin's dance move!,67,1,Dance/走位与舞蹈力度,Unknown,成韩彬
@Binnie_Key,Hanbin's eyes are so charming,4,1,Visual/妆造与表情管理,Unknown,成韩彬
@yeppeun_flower,HANBIN'S FACE EXPRESSION IS SOOOOO GOOODDD,82,1,Visual/妆造与表情管理,Unknown,成韩彬
@ameliaesthetic82,hanbin's gaze is actually insane i can’t breathe,189,1,Visual/妆造与表情管理,Unknown,成韩彬
@shoenyang,hanbin's hair is PERFECT in this omg he looks SOOO GOOOD,35,1,Visual/妆造与表情管理,Unknown,成韩彬
@loveyydovey,"hanbin's hair looks incredible styled like this, i love it",20,1,Visual/妆造与表情管理,Unknown,成韩彬
@satriaba1346,Hanbin's hair style 😍 love it,40,1,Visual/妆造与表情管理,Unknown,成韩彬
@YoutubeHandle5,Hanbin’s dance move!,93,1,Dance/走位与舞蹈力度,Unknown,成韩彬
@ameliaesthetic82,hanbin’s eyes deserve their own fandom atp,354,1,Visual/妆造与表情管理,Unknown,成韩彬
@sheinalagumbay8946,Hanbin’s little walk in the endddd waaah so cute,31,1,Visual/妆造与表情管理,Unknown,成韩彬
@crystalli8948,Hanbin❤❤❤,17,1,Visual/妆造与表情管理,Unknown,成韩彬
@wardahimani,Hanbin😭😭😭,8,1,Visual/妆造与表情管理,Unknown,成韩彬
@romi-sl8rs,HANBINN,2,1,其他,Unknown,成韩彬
@Futata-r5l,Hanbinnie,1,1,Visual/妆造与表情管理,Unknown,成韩彬
@byeolsung811,Hanbinnie is so handsome,1,1,Visual/妆造与表情管理,Unknown,成韩彬
@EN_CORTIS_ALD1,HANDSOME BOYS🖤🖤🖤.,0,1,Visual/妆造与表情管理,Unknown,None
@jocelynphuong4464,"Help XD I was literally considering the idea of getting tickets to KCON LA at first after seeing that ZEROBASEONE is in the lineup when I only really started watching videos of them yesterday LOL!!! And I only started watching videos of them performing today too 😅🤣 All the videos I watched of them yesterday were just of them being silly and stuff 😂😂 I did see ZEROBASEONE and AND2BLE a little while ONEWE was promoting ""ICARUS,"" but that's it 😆",2,0,其他,Casual,None
@BereniceJiménez-z9r,HHAHAAH GUNWOOK,3,1,其他,Unknown,朴乾煜
@lnsw007,HINO 🎉,0,0,其他,Unknown,None
@lherq.,holy,1,1,其他,Unknown,None
@ZB1_A2BLE,Honestly I love all of the hidden dance moves from previous zb1 songs. It makes me feel things lowkey😢,1,1,Dance/走位与舞蹈力度,Unknown,None
@rvdx667,hung sanbin fr,0,1,其他,Unknown,成韩彬
@andypaomc,"I am so proud of all of the members every step of the way was not easy but they’re so strong and I know they have a bright future ahead 
Jiwoong I admire you so much
Matthew you always make me so proud 
Hanbin you’re my inspiration 
Gunwok you’re so talented 
Tarae you’re really showing off your vocals

ZB1 forever",0,1,其他,Zerose,None
@ferwoodz,"I am so proud of them for being so strong and brave. I bet it was scary for them to keep promoting as five, but even after all the grieving and thoughts they stood their ground to keep carrying this name with love. They’re so talented and this song is a HIT.",2199,1,其他,Unknown,None
@zhsbae2,i am so proud of them thank you🙏,1,1,其他,Unknown,None
@BulandKhan-v1o2c,I am so proud of them they did so well,1,1,其他,Unknown,None
@bleh__9738,I am so sad that I discovered them from the news of their contract end and split. I guess I'll have double the amount of songs to listen to now. 😭,1,0,其他,Casual,None
@Linniebinnie-x8g,I came here from that Hanbin tweet,4,0,其他,Casual,成韩彬
@piopiooo0321,i can watch this 24/7 😭,3,1,其他,Unknown,None
@Betweenmarsandjupiter,"I dont know how else to say this but like..THIS IS PERFECTION!! The way they used each members strengths so utterly perfectly, im still so shocked. Hats off to Zb1!!",1,1,其他,Casual,None
@timbermichaud9535,I have no bias.. 😳😍,1,1,Visual/妆造与表情管理,Casual,None
@rosesforleo,I hope this song becomes a hit!! It sounds so good and they are exuding confidence,10,1,其他,Unknown,None
@magicalgirlwins,i just love this so so so much,1,1,其他,Unknown,None
@lanak7038,I just realized it's Top 5 because the boys are 5 now,0,0,其他,Unknown,None
@anonymousfangirlxx,I just want to thank my TOP 5 for staying....,1,1,其他,Zerose,None
@Betweenmarsandjupiter,"I keep coming back to this, it’s so good!",10,1,其他,Unknown,None
@fluffyduck9943,i literally didnt blinked,2,1,Visual/妆造与表情管理,Unknown,None
@Royale_Aster,I live this twirl + the little cha-cha thing they do after SO MUCHH 1:44,4,1,Dance/走位与舞蹈力度,Unknown,None
@anpanmanphile,"I love all of them stand out so much, they really killed this comeback",1,1,Dance/走位与舞蹈力度,Unknown,None
@Sunnie-shb,I love hanbin's hair style 😍😍😍,37,1,Visual/妆造与表情管理,Unknown,成韩彬
@ttnylamb4525,I love Hanbin’s hair here,2,1,Visual/妆造与表情管理,Unknown,成韩彬
@owongyu,i love hanbinnn❤,5,1,其他,Unknown,成韩彬
@zephyrrjun,I love it so much ❤,2,1,其他,Unknown,None
@Abvril-l6k,I love it so so much!! 💗,5,1,其他,Unknown,None
@JacquelineCoyoca,"i love it the song, the lyrics, the vocals , choreo iloveeeee everything about this song lets go zb1 ❤",1,1,其他,Unknown,None
@tris317,"I love that all 5 have an equal amount of screentime and lines, like each of them has their own standout moments too. Such a well-done comeback!!!",3,1,其他,Casual,None
@adilina-g5f,I love the choreography,2,1,Dance/走位与舞蹈力度,Unknown,None
@ferwoodz,"I love the fact that all 5 members have a chance to sing the chorus in their own mesmerizing way, this is peak boy group excellence.",1020,1,Vocal/高音与唱功,Unknown,None
@BulandKhan-v1o2c,"I love the video
Top5",1,1,其他,Unknown,None
@wooknana,I love their performance <3,2,1,其他,Unknown,None
@BulandKhan-v1o2c,I love this performance,13,1,其他,Unknown,None
@Lovethyselfforwhoyouare,I love this so catchy and sexy ❤️‍🔥,5,1,其他,Unknown,None
@olate1006,I love this song,1,1,其他,Unknown,None
@eth-g5t,i love this song 😶,0,1,其他,Unknown,None
@3utiara,I LOVE THIS SONG😣❤️‍🔥,3,1,其他,Unknown,None
@Nian_To,I Love u Jiwoong 🖤,1,1,其他,Unknown,金地雄
@STAYSKZOO-m3l,"I love you all and I cheer you all on, guys ❤",3,1,其他,Unknown,None
@STAYSKZOO-m3l,"I love you all, you are the best to me, I am so proud of you all ❤",3,1,其他,Unknown,None
@satriaba1346,I LOVE YOU ZEROBASEONE ❤,4,1,其他,Unknown,None
@ovicqsxz,I love zb1,0,1,其他,Unknown,None
@minadanger7701,i loveddd thia,1,1,其他,Unknown,None
@bruhzizi,"I loveee them so much omlll, the song, choreo is chef's kiss, taerae's voice esp wthhh",1,1,Vocal/高音与唱功,Unknown,金泰来
@yourmarsbar,I loveee this song and choreography!! Everyone stands out so much,1,1,Dance/走位与舞蹈力度,Unknown,None
@Grace-sr4kv,I LUV THE CHOREO ITS SO SATISFYING,0,1,Dance/走位与舞蹈力度,Unknown,None
@S2U_verse.ৎ,I miss it when it was ot9😢,0,-1,其他,Unknown,None
@romi-sl8rs,I never get tired of this song,5,1,其他,Unknown,None
@kinjal-w5m,"I really like @STUDIOCHOOM ,how they make the video quality look so perfect ,the camera movements and elegant with that colorful background💁🏼‍♀️‼️🤌🏻💗🔥🤧....
Everything is top notch 💗💥❤️‍🔥✨️

Love ya @zerobaseone 😝🎀😭🌷💗💥💅🏻🙌🏻✨️",2,1,其他,Casual,None
@knwluv._0,I really like Taerae's voice,2,1,Vocal/高音与唱功,Unknown,金泰来
@eessie09,I REALLY LIKE THEIR MAKE-UP THIS COMEBACK! SO NATURAL LOOKING IT SHOWS THEIR HANDSOME FEATURES VERY WELL!!!!❤❤❤❤❤,0,1,Visual/妆造与表情管理,Unknown,None
@lanternishmypacenananana1805,i really like this song. the second one i heard from start to finish from zb1,2,1,其他,Casual,None
@soleilsr23,I really love Matthew's dancing style 🤙,11,1,Dance/走位与舞蹈力度,Unknown,石马修
@jebesrae,I really want to thank the choreographers for the creating the dance in such a way that all the members have killing parts and stand out so clearly but do not overshadow each other. It's such a cool and aesthetic choreo,1108,1,Dance/走位与舞蹈力度,Unknown,None
@Ris-vulpis,I reallyyy like this new side of ZB1,0,1,其他,Unknown,None
@Littlemissjules,I replayed hanbin’s parts multiple times wow he’s so handsome,23,1,Visual/妆造与表情管理,Unknown,成韩彬
@CHAOTICYUFINE,I started loving this group 🥹💕,11,1,其他,Casual,None
@fluffyduck9943,i think i just got hypnotized,2,1,Visual/妆造与表情管理,Unknown,None
@pointseventhree,"I think Taerae deserves special compliments - like (at least imo) we already knew the other members could pull off this kind of 'cool/swaggy' concept but this to me is a new side of taerae!! and i LOVE it, huge props to him, it's unexpected & he pulls it off soo well!! ❤",3,1,其他,Unknown,金泰来
@abelztry7201,I thought this was an nct song,1,0,其他,Casual,None
@keevolution,i want matthew's innocence back. lol,2,0,其他,Unknown,石马修
@JangmiCherry,"I was worried that their performance would look and feel empty after being 5 but seeing this, listening to the whole album, and seeing their balance? A fact that ZB1 will be always that Gen5 leaders, NO DOUBT!",40,1,Dance/走位与舞蹈力度,Casual,None
@jeonghanpetrock,i would have never expected sexybaseone to be here 😔,2,1,Visual/妆造与表情管理,Unknown,None
@iamcoriane9854,I'm genuinely speechless; the performance is so clean,3,1,Dance/走位与舞蹈力度,Unknown,None
@Blackstarr80,I'm gonna devour their unfiltered cams when they come out🔥 So proud of our boys💕,4,1,其他,Zerose,None
@Milana-t6j,I'm here after watching the mv and after this performance I'm absolutely a new fan of ZB1,36,1,其他,Casual,None
@velvet_aura69,I'm obsessed with Taerae's voice ✨,3,1,Vocal/高音与唱功,Unknown,金泰来
@pointseventhree,I'm OBSESSED.,1,1,其他,Unknown,None
@bttr_fly_wngs,"I'm really glad to be seeing Jiwoong more in the performance video and him getting to be in the center during his part. I think it's because in their recent performances, they are no longer working with the wk1 performance director who would always put him in the back or to the side even during his part. Now the performances are much more enjoyable to watch and Jiwoong's dance and stage presence are given more exposure",1,1,Dance/走位与舞蹈力度,Unknown,金地雄
@capchi03,"I'm so insanely proud of them, they're incredible",2,1,其他,Unknown,None
@claire8629,I'm so proud of them! ZEROSEs continue to stream TOP 5,2,1,其他,Zerose,None
@luv.3398,I'm so proud of them.  They really bringing it with this rebrand.  Man they have been working hard and overcame so much to get here.,1,1,其他,Zerose,None
@Zerose_Base_One,I'M SO PROUD SEEING OUR TOP 5!!!,1,1,其他,Zerose,None
@FOXSTAR1024,I'm so so so proud of these guys. This rebrand is PERFECT! I actually love the group even MORE now,2,1,其他,Unknown,None
@hanni.hourrr,I'm so very proud of each of the members!,1,1,其他,Unknown,None
@bellarashid,I’m afraid to say this… but this might actually be their best song as ZB1 😭 sorry to my OT9 heart.,2,1,其他,Unknown,None
@leessai,i’m going to need everyone to get off my NECK,0,0,其他,Unknown,None
@irmavaldes-l4k1n,i’m obsessed with jiwoong,2,1,Visual/妆造与表情管理,Unknown,金地雄
@strwbrryglass,I’m so addicted to the way hanbin dances I can’t keep my eyes of him and the styling is so good too loving ascend- era so much!!,10,1,Dance/走位与舞蹈力度,Unknown,成韩彬
@caratcake1,I’m so happy for all of them! Such an amazing debut and song!,0,1,其他,Casual,None
@foxeineun,"I’M SO IN LOVE WITH THEMM.

Thank you ZB1 for saving my summer once again with a SOTY.",0,1,其他,Unknown,None
@Zhangur1,I’m so proud of them. Please continue to support ZB1!!!,2,1,其他,Zerose,None
@mariiamin,"i’m so proud of you, my loves! top 5 is such a soty, and the choreo is just amazing 💘💘 the energy and charisma are craaaazy you’re my favorite performers ever 🥹💙",5,1,Dance/走位与舞蹈力度,Zerose,None
@teerae95,i’ve always been a taerae fan but WOW im a super fan after this comeback. 😍🫶🏼,5,1,Vocal/高音与唱功,Zerose,金泰来
@BulandKhan-v1o2c,Iconik performance,2,1,Dance/走位与舞蹈力度,Unknown,None
@linohanbin,ill never get over hanbin's intro... he looks so good,1,1,Visual/妆造与表情管理,Unknown,成韩彬
@jhaiixxi,ily all lets go zerobaseone ❤,1,1,其他,Zerose,None
@lxc._.sophia,im crine 😭 im so proud of u guyss,3,1,其他,Zerose,None
@shanisu,IM OBSESSED,2,1,其他,Unknown,None
@mv5901,Im so proud of jebewon!! TOP 5 🧎‍♀️🧎‍♀️,0,1,其他,Zerose,None
@BloomBright-j9t,Incredible good,7,1,其他,Unknown,None
@JangmiCherry,"Istg, all of them ate this comeback so bad!!! This rebrand is the rebrand we never knew we needed",1,1,其他,Unknown,None
@whenthequalityisbadbutiam,"it always wows me how much they've grown since boys planet. they've got effortless charisma and confidence now, plus this concept suits them so well",0,1,Visual/妆造与表情管理,Unknown,None
@ValerieSanchez-o1e,it feels so diffcent with out the other 4 members but i get it and im so proud of them and they got this even if it's going to be hard but they can do it :3,3,1,其他,Unknown,None
@ddoubluecean,"It sounds kinda new to me, but I've been in love with it since the first listen. I think I've never seen zerobaseone do this kind of genre before. It feels like they're rebranding from a youthful concept to a more mature boy group image. And all of them deserve all the praise!!",10,1,其他,Casual,None
@geegeegee1,"it took me a long time to stop mourning jay chang, but today, these boys have proved they are so freaking talented i might stan",1,1,Dance/走位与舞蹈力度,Casual,None
@songbbaby,"it was my very first time seeing this guys and I'm very impressed, I just LOVED the song and how how all of the members shine throughout the whole choreography. ❤",6,1,Dance/走位与舞蹈力度,Casual,None
@rjmplq,It's so good! ZEROBASEONE delivered with this comeback!,5,1,其他,Unknown,None
@rihab-vs9gg,It's wonderful to watch this performance; it's beautiful.🙈🩷🌸,3,1,其他,Unknown,None
@giatthew0528,It’s amazing that ZB1 is really fated to be Performers we really eat this Line up.,1,1,Dance/走位与舞蹈力度,Zerose,None
@fswowds,its just gets better with each viewing pure addiction oh myy,1,1,其他,Unknown,None
@al-pn1md,ive never danced once in my life but i wanna learn this choreography so bad,3,1,Dance/走位与舞蹈力度,Casual,None
@yaeloanedp,"j'ai été très triste quand le groupe a été séparé mais au final je trouve qu'ils sont encore plus mis en valeur à 5 et ont plus de lignes à chanter
et enfin Jiwoong on entend les vraies couleurs de sa voix et ses compétences 
ce morceau est super sur tout les points et très mature
une zérose 🌹🇫🇷💗",1,1,Vocal/高音与唱功,Zerose,金地雄
@cyand410,je suis un peu gourmand,0,0,其他,Unknown,None
@remr0s3,jebeWON,1,1,其他,Zerose,None
@justddee,"JEBEWON STILL AMAZING!! OUR TOP 5 HANBIN, JIWOONG, MATTHEW, TAERAE, GUNWOOK thankyou for comeback stronger🖤",3,1,其他,Zerose,None
@BulandKhan-v1o2c,Jiwoong,1,0,其他,Unknown,金地雄
@karenarhu,"Jiwoong
Hanbin
Matthew 
Taerae
Gunwook
I love zb1 ❤",2,1,其他,Zerose,None
@BloomBright-j9t,Jiwoong ❤,4,1,Visual/妆造与表情管理,Unknown,金地雄
@dckim5787,jiwoong ❤❤❤❤,2,1,Visual/妆造与表情管理,Unknown,金地雄
@ariadarmawanganz,Jiwoong body control is amazing,5,1,Dance/走位与舞蹈力度,Unknown,金地雄
@ariadarmawanganz,"Jiwoong body control is so amazing, his moves are so powerful & strong yet elegant & graceful ✨",2,1,Dance/走位与舞蹈力度,Unknown,金地雄
@Frannn.b.a,Jiwoong is so handsome 💙👄💙,2,1,Visual/妆造与表情管理,Unknown,金地雄
@ymyle,Jiwoong so handsome !!!!!!!,3,1,Visual/妆造与表情管理,Unknown,金地雄
@natynaat,Jiwoong te amo precioso ❤,1,1,Visual/妆造与表情管理,Zerose,金地雄
@Mimmmmmoooo,Jiwoong visual is so insane. Handsome as always,10,1,Visual/妆造与表情管理,Unknown,金地雄
@IrissL-cr5xn,Jiwoong you are a star,2,1,Visual/妆造与表情管理,Unknown,金地雄
@RenataPlechata,Jiwoong...perfection 😍,0,1,Visual/妆造与表情管理,Unknown,金地雄
@AV-ks1gp,"Jiwoong's rap tone is so freaking nice now that it is way more mature than his INX days. I hope he raps a lot more, he really suits it and he brings a really interesting voice flavour <3",1,1,Vocal/高音与唱功,Unknown,金地雄
@Akansha-x5r,Jiwoong❤,1,1,Visual/妆造与表情管理,Unknown,金地雄
@febbymv,Jujur sih lagunya pas banget bisa ngehighlight masing-masing member,2,1,其他,Unknown,None
@user-fc3so9wp4b,"Just spreading awareness:

Please give lots of love and support to AND2BLE, former ZB1 members, with their new album and music video CURIOUS ❤",1,-1,其他,Unknown,None
@KarlaFuentes-f6h,Karla.  Tvonne.    Tvontes❤❤❤,0,0,其他,Unknown,None
@hanbinninda1315,kecanduan top5,0,1,其他,Unknown,None
@Binnie_Key,Keep going,0,1,其他,Unknown,None
@florence283,Keep streaming the mv yall and dont forget to post on the clock app as well as linc and mnet,3,0,其他,Zerose,None
@yolasam3653,Kim jiwoong looks so elegant and cool,2,1,Visual/妆造与表情管理,Unknown,金地雄
@RaniKumari-zg9cj,Kim jiwoong serving so hard .. his face card😭..THE WAY HE FOLDED HIS SLEEVES🤌... looks so insanely handsome 😭,48,1,Visual/妆造与表情管理,Unknown,金地雄
@Sprinkle_ss,KIM JIWOONG SO HANDSOME 😮,1,1,Visual/妆造与表情管理,Unknown,金地雄
@katherineperez1834,kim jiwoong zb1 good job,1,1,其他,Unknown,金地雄
@butterfly_13613.,KIM JIWOONGG 🫦,1,1,Visual/妆造与表情管理,Unknown,金地雄
@pointseventhree,KIM JIWOONGGGG,0,1,其他,Unknown,金地雄
@BloomBright-j9t,Kim tae tae voice is so nice,4,1,Vocal/高音与唱功,Unknown,金泰来
@ladybird7515,Kim Taerae ❤❤❤,3,1,其他,Unknown,金泰来
@anakwon,kim taerae is so handsome ㅜㅜ,1,1,Visual/妆造与表情管理,Unknown,金泰来
@AndriasRad,KIM TAERAE WHO ARE YOU!?,1,1,其他,Unknown,金泰来
@m.a-e4e,KIM TAERAE YOU ARE AMAZING,1,1,Vocal/高音与唱功,Unknown,金泰来
@RegufZxc,Kinda miss 2000s boygroup and zb1 serving top5 just WOW,1,1,Visual/妆造与表情管理,Unknown,None
@hao.zerobaseone,Kinda sad . But after all they have chances to sing the chorus!,0,0,其他,Unknown,None
@meiwardhani6945,kok taerae makin tampan yaa😍,0,1,Visual/妆造与表情管理,Unknown,金泰来
@chisaquinn,KONTRAK SEUMUR HIDUP KAN?!! KANNN??!!,0,1,其他,Zerose,None
@wzjwccmh17,KOREAN SAJABOYS!!,2,1,Dance/走位与舞蹈力度,Unknown,None
@minmin-suk894,"la cancion es adictivo en general no solo el coro, la coreografía 100/10 y sus visuales todo es perfecto",3,1,Visual/妆造与表情管理,Unknown,None
@kimjiwoongprotector,"Lagunya sbentar bgt, nagih",0,1,其他,Unknown,None
@Gracielauniverse,Las personalidades de mis favoritos estan preciosos,1,1,Visual/妆造与表情管理,Unknown,None
@The810-aaakd,"Last night made a list of my top 5
Top 5 favorite things of all time 

Park Gun-wook, Kim Tae-rae,Seok Matthew, Kim Ji-woong, 

And number how Sung Han-bin makes me feel like~◇",5,1,其他,Zerose,None
@onlymeaccess,legendary,4,1,其他,Unknown,None
@TrinhNgọc-o2q,Let's go TOP 5 🔥🔥🔥,1,1,其他,Unknown,None
@BloomBright-j9t,Let’s go gunwook,5,1,其他,Unknown,朴乾煜
@guesswhoisme114,lets gaurrrr for 1M tonighttttttt,2,1,其他,Unknown,None
@urkeiiyaa,LETS GO TOP 5,1,1,其他,Unknown,None
@mayamin9599,Lets go!,2,1,其他,Unknown,None
@rkcysk,Lets keep str3@ming to TOP 5!!,2,1,其他,Zerose,None
@joyridenightride,LITERALLY KINGS 💖💖💖,0,1,其他,Unknown,None
@Aphadrion,Lol what is Gunwook doing with the ending fairy 😂,0,0,Visual/妆造与表情管理,Unknown,朴乾煜
@rharu6941,loooooooooving this,1,1,其他,Unknown,None
@minhookies,LOS 5 PARA MÍ SOLITA 🫦🫦🫦🫦🫦🫦,0,1,其他,Zerose,None
@howareutarae,love how u can tell gunwook is really feeling himself,1,1,Visual/妆造与表情管理,Unknown,朴乾煜
@maryeahluv,LOVE ITTTTTTTTTTTTTTT,0,1,其他,Unknown,None
@guesswhoisme114,love of my life sung hanbin❤,3,1,Visual/妆造与表情管理,Unknown,成韩彬
@nieshaz77,Love the choreo. From an old skool who had been observer of smooth dance like this from the American African R&B performers in the late 90s and early 00s,3,1,Dance/走位与舞蹈力度,Casual,None
@LiveLeaf-xs7wy,Love them....,1,1,其他,Unknown,None
@yfs0714,Love this performance and every member has their personal style❤ such a complete great work and Sung Hanbin just wow,6,1,Visual/妆造与表情管理,Unknown,成韩彬
@LilyChen-w8i,Love zb1,2,1,其他,Unknown,None
@forocca0925,"Love, Love, Love SUNG HANdsome BIN's hair here❣😍🫶🥰",16,1,Visual/妆造与表情管理,Unknown,成韩彬
@anahkhasanah4767,luv it so muchhh,0,1,其他,Unknown,None
@rusdialwi1578,Maknae center ❤❤❤❤ semuanya jadi bersinar top 5 ❤❤❤❤,1,1,Visual/妆造与表情管理,Unknown,None
@Gi-vj6tq,Masterpiece!❤,0,1,其他,Unknown,None
@jocelynxo1708,MATTHEW ❤,1,1,其他,Unknown,石马修
@kiko247-y9u,Matthew ❤ I can't take my eyes off him 📖,15,1,Visual/妆造与表情管理,Unknown,石马修
@camhoang71,Matthew ate this song ❤❤❤,3,1,Dance/走位与舞蹈力度,Unknown,石马修
@rinierr8607,Matthew gada obat,0,1,Visual/妆造与表情管理,Zerose,石马修
@anggiewidya5853,"Matthew is a really good dancerrrr, i really cant take my eyes off himmm",11,1,Dance/走位与舞蹈力度,Unknown,石马修
@xalexhc21,matthew is rlly trying to kill us all with those looks😭🫶,2,1,Visual/妆造与表情管理,Unknown,石马修
@AYIHS,"Matthew is so addictive
I can't look away😭

Honestly they all killed it",54,1,Visual/妆造与表情管理,Unknown,石马修
@Fantasyvid,MATTHEW IS SO DAMN FINE!!!!!!!,1,1,Visual/妆造与表情管理,Unknown,石马修
@babyprincessgalaxy,Matthew is such an amazing dancer! This rebrand is everything,3,1,Dance/走位与舞蹈力度,Unknown,石马修
@sooyooh,MATTHEW OMG 😭😭😭😭😭😭😭,4,1,Visual/妆造与表情管理,Unknown,石马修
@흐린.날,Matthew really fits all concepts. Is there anything he can't do 😭🩵,2,1,Visual/妆造与表情管理,Unknown,石马修
@Aphadrion,MATTHEW 🤩🤩🤩,3,1,Visual/妆造与表情管理,Unknown,石马修
@iiyuii0,Mattparkz killed this 🥹🥹🔥🔥,2,1,Dance/走位与舞蹈力度,Unknown,None
@EsmilceDeMaidana,Me encanta como bailan,8,1,Dance/走位与舞蹈力度,Unknown,None
@ytac.1510,Me encantaaa🖤✨️ Son increíblees,3,1,其他,Unknown,None
@ivanaaluhe,"Me gusta mucho esta canción, sus visuales son woooow, la vd muy buen comeback, no me puedo sacar la canción de la cabeza",3,1,Visual/妆造与表情管理,Casual,None
@ara21095,"Me gusta mucho la coreografía, todos se ven muy guapos se ve que se han esforzado estoy orgullosa de ser una Zerose",4,1,Visual/妆造与表情管理,Zerose,None
@ZB2BLE-z9i,"Me Listening the song No Stop
● ━━━━━━───────
⇆ ㅤ ㅤ ㅤ ㅤ ◁ ㅤ ㅤ ❚❚ ㅤ ㅤ ▷ ㅤ ㅤ ㅤ ㅤ ↻.",3,0,其他,Unknown,None
@AliLee04,Me the whole time watching: 👁👄👁,0,1,Visual/妆造与表情管理,Unknown,None
@iamtom27,Mereka berlima keren banget 😍🔥,1,1,其他,Unknown,None
@milydoli,meus maiores orgulhos,1,1,其他,Zerose,None
@h.marqxesd3110,Might be an unpopular opinion but only having 5 people in this group might be a good thing. Every single one of them were able to shine equally throughout the music video.,2,1,其他,Unknown,None
@SofiaKateDetoya,mine top 5,0,0,其他,Unknown,None
@kitwonusvt,Misfit ahh instrumental,0,0,其他,Unknown,None
@thensoarewe,MMM THIS SONG SUITS THEM SO WELL,0,1,其他,Unknown,None
@forocca0925,"More 성한빈 (SUNG HANdsome BIN💖) Thumbnails, FanCams, and FaceCams, PRETTY PLEASE❣🙏😭😍🫶🥰",9,1,Visual/妆造与表情管理,Zerose,成韩彬
@danniea487,My babies are so grown now 😭😭😭💖,0,1,其他,Zerose,None
@crystalli8948,My baby Hanbin!!❤,73,1,Visual/妆造与表情管理,Zerose,成韩彬
@xvcr1,MY BOYS 😭🤍🤍🤍🤍🤍,2,1,其他,Zerose,None
@guesswhoisme114,my everyday jam,3,1,其他,Unknown,None
@ariadarmawanganz,"My eyes are glued to jiwoong, despite being the most handsome human in this world he is such an amazing performer ❤️‍🔥",3,1,Visual/妆造与表情管理,Unknown,金地雄
@bobabinhan,my fav zb1 title song,6,1,其他,Unknown,None
@BulandKhan-v1o2c,My favorite performance,1,1,其他,Unknown,None
@erlinadewi2939,"My favorite top 5 banget kalain uri jebizz, zerose ayo kita vote sebanyak banyaknya di program musik kita kasih gacor ini comeback seperti biasanya kalo bisa harus lebih luar biasa lagi, biar mereka win banyak ayooo semangat yaaa ❤❤",1,1,其他,Zerose,None
@BulandKhan-v1o2c,My favorite top five,3,0,其他,Unknown,None
@alleightsenses,My first time stanning a group bit lost but loving it,0,1,其他,Casual,None
@aringt,my five cool guys,1,1,其他,Unknown,None
@zeroselu露,My top 5,3,0,其他,Unknown,None
@ZB2BLE-z9i,My Top 5 Are Hanbin Zhang Hao Gyuvin Ricky Gunwook Yujin taerae Jiwoong Matthew ❤😢,0,0,其他,Unknown,None
@thenop1989,"My Top 5 are Hanbin, Jiwoong, Matthew, Taerae, Gunwook🎉🎉 they look so cool",1098,1,其他,Casual,None
@BulandKhan-v1o2c,My top 5 favorite,0,1,其他,Unknown,None
@jorgesoberano7227,My top 5 favorito 💙,1,1,其他,Zerose,None
@Binnie_Key,My top 5 the best,6,0,其他,Unknown,None
@mahayuddinibrahim9681,My top ZB1 🎉🎉,3,1,其他,Unknown,None
@haozhanggg,nahhh they be eatin down on this comeback,1,1,其他,Unknown,None
@wdvhiuytre,new fan bc of taerae 😫,4,1,Vocal/高音与唱功,Casual,金泰来
@moajjunie822,"ngl, this song, hanbin and matthew, yeah, im loving the coolness",2,1,Visual/妆造与表情管理,Unknown,成韩彬
@Kuri7892,"no wonder the choreo is so fire !!! thx Nick ^^
ZB1 FIGHITNG !!!!",0,1,Dance/走位与舞蹈力度,Zerose,None
@SickOfDelusionalFandoms,"not a ZB1 fan, just a casual kpop listener who's come across their content here and there. Honestly when they were still nine i barely noticed two of the five members here, so it's genuinely refreshing to see them stand out like this. The song is well made, and the choreography lines up with the music perfectly. The choreographer understood the assignment and made sure every single member had their moment. Well done to all five of them. I've had this on repeat and i don't see that stopping anytime soon. I think i have to start stanning now. ZEROSE, hope i'm welcome TO JOIN y'all 💙",4,1,Dance/走位与舞蹈力度,Casual,None
@tendo-dt9se,Now give us that Jiwoong fancam 🥵,1,1,Visual/妆造与表情管理,Unknown,金地雄
@LeonardoBatistadaSilva-f4c,O Hanbin vai viajar né,0,0,其他,Unknown,成韩彬
@cherryrose16,Obsessed with Gunwook's dancing and rapping and vocals!!!!,3,1,Dance/走位与舞蹈力度,Unknown,朴乾煜
@romi-sl8rs,Obsessed with this song,10,1,其他,Unknown,None
@Readwithme-qy9wk,Oh God! Who give taerae permission to be this HOT?,3,1,Visual/妆造与表情管理,Unknown,金泰来
@pensangrumba6888,oh lord.,1,0,其他,Unknown,None
@aeriflow,oh my god i need to see this live asap,0,1,其他,Unknown,None
@mylittleworld-o4t,Oh my Gosh 😂 such a flirty song 🫣 I am literally blushing,1,1,其他,Unknown,None
@irenedelsanto,"oh my, in in loveeeeeeeeeeeeeeee",1,1,其他,Unknown,None
@BulandKhan-v1o2c,Oh oh oh oh oh,1,0,其他,Unknown,None
@veriannna,oh they are eating this shit up,1,1,Dance/走位与舞蹈力度,Unknown,None
@AnnanyaRana-d6m,"oh this collective slay, I am on my KNEEESSSS",2,1,其他,Unknown,None
@09_stars,"oh, wow their dance line is so precise. look at that straight line and precise angle ❤❤❤❤❤",1,1,Dance/走位与舞蹈力度,Unknown,None
@clair9482,Ohh they just look too good,2,1,Visual/妆造与表情管理,Unknown,None
@Flange091,oma oma oma they are my TOP 5 for sure,0,1,其他,Zerose,None
@MCG-U,OMFG KIM TAERAE,1,1,其他,Unknown,金泰来
@violezahard5796,omg jiwoong,2,1,其他,Unknown,金地雄
@JuNijiisHappy,Omg Matthew so cool,2,1,Visual/妆造与表情管理,Unknown,石马修
@Binbin_Tata,OMG OMGG SUNGHANBIN!!!😳😻🫠🙌🏻🔥🔥,3,1,Visual/妆造与表情管理,Unknown,成韩彬
@shanbincha,OMG SUNG HANBIN YOU LOOK SO FINE 🔥😍,14,1,Visual/妆造与表情管理,Unknown,成韩彬
@evee971,Omg taerae is so handsome!,0,1,Visual/妆造与表情管理,Unknown,金泰来
@patriiicg,omg they did this so great,1,1,Dance/走位与舞蹈力度,Unknown,None
@yanna_ph,OMG This song is sooo good! Totally my style. Definitely stanning them now,9,1,其他,Casual,None
@Kim-Yimi,omg top5,1,1,其他,Casual,None
@ZB1PERMANENpls,OMGGGG EAT THATTT 😝😝😝💞💞,1,1,其他,Unknown,None
@uurory,Omgg🤯,1,1,其他,Unknown,None
@fluffyparkji,one of my fave choreos from them!!!!!!! jiwoong you're an absolute dancing machine,0,1,Dance/走位与舞蹈力度,Casual,金地雄
@Zeroze_,ONLY THING I CAN SAY IS ANOTHER SOTY,0,1,其他,Unknown,None
@zerosebluee,"Our 5 cool guys, Zerobaseone 💙💙💙💙💙",2,1,其他,Zerose,None
@Aiirinn431,OUR 5❤‍🔥,2,1,其他,Zerose,None
@lidiomarbarbosa5330,Parabéns,2,1,其他,Unknown,None
@AlexiaNB,"Park Gunwook… I’m breathless…
You did it all on purpose, right? Say it… 🥹🔥",0,1,Visual/妆造与表情管理,Unknown,朴乾煜
@idkilovericky,"peak simply peak, they all did so well",1,1,其他,Unknown,None
@ThreekidsinAU,Perfect balance as a group. 5 members best complements each other. Visual / Vocal / Dance / Rap / All-rounder. Well done ZerobaseOne,0,1,其他,Unknown,None
@tonnygalharde,"perfect, brazil loves u <3",0,1,其他,Unknown,None
@aimeearmentacota8193,Perfection 💙,0,1,其他,Unknown,None
@KalineCorrea,"perfeito, maravinhoso, incrivel  amei cada parte do mv",1,1,其他,Unknown,None
@BulandKhan-v1o2c,Performance of the year,1,1,Dance/走位与舞蹈力度,Unknown,None
@gfromtheblock,please go on it's live,2,0,其他,Unknown,None
@JohnMichaelBaguion-sm8yf,Please studio choom we also need itzy motto here,0,0,其他,Unknown,None
@chiilliillii,proud of you all,5,1,其他,Unknown,None
@tatagea7458,proud of you all  ❤❤❤❤❤,5,1,其他,Unknown,None
@Emmy-jv2zp,"Que increíble son 
Bailan, cantan muy bien, que lo que no pueden hacer",1,1,Dance/走位与舞蹈力度,Unknown,None
@ara21095,Quiero seguir apoyándolos y escuchando su música por mucho tiempo,2,1,其他,Unknown,None
@kimjiwoongprotector,Rap Jiwoong favorit ku❤,0,1,其他,Casual,金地雄
@oakkarrtun,saja boys,5,0,其他,Unknown,None
@pinkismelody,seok matthew,3,0,其他,Unknown,石马修
@giorno3523,Seok Matthew !!,0,1,其他,Unknown,石马修
@wedadWodeee,SEOK MATTHEW!!!!,3,1,其他,Unknown,石马修
@BangEnBoyTeam24,Seok Matthew❤❤❤,1,1,其他,Unknown,石马修
@zuzu_enha,"Seriously, how did those 5 members, all ZeroBaseOne fans, accept this? As an Enhypen fan, I'm going crazy.",1,-1,其他,Casual,None
@guesswhoisme114,SEXY SUNG HANBIN!,4,1,Visual/妆造与表情管理,Unknown,成韩彬
@That_lady_Styles,Sexy vampire Jiwoong ❤❤❤,2,1,Visual/妆造与表情管理,Unknown,金地雄
@el2858,should have been glasses hanbin 😔😔😔,1,0,Visual/妆造与表情管理,Unknown,成韩彬
@iGot7WizOneStayArohaOnceOneIt,Simply so hot! 🔥😢,1,1,Visual/妆造与表情管理,Unknown,None
@roselevlloyd9306,Smartttt gilaaaaaa 🥹,1,1,Dance/走位与舞蹈力度,Unknown,None
@yuigie8181,so brave for our boy. top 5 fav is amazing❤,2,1,其他,Unknown,None
@Binnie_Key,So cool,0,1,其他,Unknown,None
@lalallalalala987,SO COOL HSHSHSHS 🫣😍🔥,1,1,其他,Unknown,None
@JenniferDeng22,So cool!,0,1,其他,Unknown,None
@ea37264,So good,0,1,其他,Unknown,None
@Caroline-p8t,So handsome❤hanbin,9,1,Visual/妆造与表情管理,Unknown,成韩彬
@kaisermartha,SO ICONIK I LOVE YOU ZB1,0,1,其他,Unknown,None
@ValerieSanchez-o1e,so proud,2,1,其他,Unknown,None
@iFrankOceanB,SO PROUD MY JEBES,0,1,其他,Zerose,None
@iwholuvzb2ble,So proud of you babies🥹❤️,0,1,其他,Zerose,None
@kryztalkarizma,so proud 🩵,1,1,其他,Unknown,None
@tentwenty-foureighteen8888,"So sleek... I love this choreography~! 😊
I like the song as well and it keeps growing on me.",1,1,Dance/走位与舞蹈力度,Unknown,None
@princetenjou,"So smooth so cool and they look like theyre enjoying themselves too!!!!
Matthews jacket just refusing to go back on his shoulders after @1:50 is everything to me",5,1,Dance/走位与舞蹈力度,Unknown,石马修
@RaniKumari-zg9cj,So you can see why zb1 is known as VISUALBASEONE 😭...,11,1,Visual/妆造与表情管理,Unknown,None
@denruuu.x8797,Soafer good,1,1,其他,Unknown,None
@myuntcha150,Soek mattiew and Kim jinwoong are really perfect with this style of music 😂😂😂😂,44,1,Visual/妆造与表情管理,Unknown,石马修
@crazymuffin2066,Son tan guapos me encanta este concepto,2,1,Visual/妆造与表情管理,Unknown,None
@Belle-x4e,Son.  Los.  Número.  Uno.  En.  Todo.  Tiempo😅🎉❤,1,1,其他,Unknown,None
@luv.3398,"Song and choreo are so groovy, love it.  What a team so amazing.",1,1,Dance/走位与舞蹈力度,Unknown,None
@Zhanghao-r9u,Soo Many Views ❤,2,1,其他,Unknown,None
@naii.ddarumddarum,sorry but tws when??,0,0,其他,Unknown,None
@m.a-e4e,SOTY AOTY,0,1,其他,Unknown,None
@KIITTYXC,SOTY!!,3,1,其他,Unknown,None
@sinur7606,Stanning them again this line up goated actually😊❤,27,1,其他,Unknown,None
@finkydang522,Str51m The nearest goal of 500K is achieved within the next 2 hours. let's go,2,1,其他,Zerose,None
@amishanbin,stream TOP 5 MV <3,1,1,其他,Zerose,None
@zerose_allin,Such a good song,0,1,其他,Unknown,None
@Karinehilarious101,such great choreo and presence!!,1,1,Dance/走位与舞蹈力度,Unknown,None
@cynthia-usa,SUNG HAN BIN,7,1,Visual/妆造与表情管理,Unknown,成韩彬
@eithwethwemg7017,Sung han bin so handsome😍😍😍😍😍,60,1,Visual/妆造与表情管理,Unknown,成韩彬
@sevennrain,SUNG HANBIN,79,1,Visual/妆造与表情管理,Unknown,成韩彬
@mrsallognon,Sung hanbin ❤❤,2,1,其他,Unknown,成韩彬
@zerose_allin,Sung hanbin ❤❤❤,3,1,Visual/妆造与表情管理,Unknown,成韩彬
@banannamilke,SUNG HANBIN ❤❤❤❤❤❤,32,1,Visual/妆造与表情管理,Unknown,成韩彬
@hongkynam,Sung Hanbin 😍✨,20,1,Visual/妆造与表情管理,Unknown,成韩彬
@zerose_allin,Sung hanbin 😮😮❤❤,3,1,Visual/妆造与表情管理,Unknown,成韩彬
@Choosebee,SUNG HANBIN FACE CARD DANG,6,1,Visual/妆造与表情管理,Unknown,成韩彬
@kyulforbin,Sung hanbin intro is masterpiece ✨✨✨,23,1,Visual/妆造与表情管理,Unknown,成韩彬
@FZH_KPOP,Sung hanbin intro uh i love yhat,3,1,Visual/妆造与表情管理,Unknown,成韩彬
@krisanthemum5898,Sung Hanbin is extra fine with this type of hairstyle!!! We need more of this!! 🥺😍,95,1,Visual/妆造与表情管理,Unknown,成韩彬
@rikive,sung hanbin is ridiculously attractive like he's literally my straight awakening,9,1,Visual/妆造与表情管理,Unknown,成韩彬
@fizzairum07,SUNG HANBIN IS SO FREAKING CRAZY... LIKE STOP😭,28,1,Visual/妆造与表情管理,Unknown,成韩彬
@soff-y8j,Sung hanbin is so handsome....,8,1,Visual/妆造与表情管理,Unknown,成韩彬
@DGERICAA,"Sung Hanbin looks incredible, from that intro with his sensual voice, dance and amazing stage presence to that dance break, Hanbin is definitely the center of this song",44,1,Visual/妆造与表情管理,Unknown,成韩彬
@DareYan-f1g,SUNG HANBIN MAIN VISUAL GEN 5,64,1,Visual/妆造与表情管理,Unknown,成韩彬
@guesswhoisme114,sung hanbin michin visual😮❤,8,1,Visual/妆造与表情管理,Unknown,成韩彬
@ysyhhbwin,SUNG HANBIN MY TOP 1!,10,1,Visual/妆造与表情管理,Unknown,成韩彬
@한가람-g6o,SUNG HANBIN SO COOL~~~,23,1,Visual/妆造与表情管理,Unknown,成韩彬
@bibi-le4lc,Sung hanbin so handsome,3,1,Visual/妆造与表情管理,Unknown,成韩彬
@EN_CORTIS_ALD1,SUNG HANBIN SO HANDSOME🖤🖤🖤.,3,1,Visual/妆造与表情管理,Unknown,成韩彬
@vizen8435,Sung Hanbin so hot,2,1,Visual/妆造与表情管理,Unknown,成韩彬
@bunnykookie8359,Sung Hanbin thumbnail 🔥,44,1,Visual/妆造与表情管理,Unknown,成韩彬
@bininimocha,SUNG HANBIN UR SO COOL,50,1,Visual/妆造与表情管理,Unknown,成韩彬
@guesswhoisme114,sung hanbin why so handsome?,7,1,Visual/妆造与表情管理,Unknown,成韩彬
@user-mj9qt6iv8g,sung hanbin you are crazyyyyyy,5,1,Visual/妆造与表情管理,Unknown,成韩彬
@airajanecaro6921,Sung Hanbin! Why so sexy and cool? This sophisticated sexy concept suit him so well. 😘 All the members stand out so well too. Zebes fighting!,3,1,Visual/妆造与表情管理,Zerose,成韩彬
@yididi23,SUNG HANBIN!!!,35,1,其他,Unknown,成韩彬
@merlinjenk1ns,sung hanbin... the man you are,2,1,Visual/妆造与表情管理,Unknown,成韩彬
@kirovadzhiya,"Sung Hanbin's stage presence is captivating: his style, his delivery, his facial expressions—everything is perfect",46,1,Visual/妆造与表情管理,Unknown,成韩彬
@Borimi-u3v,Sung Hanbin's stage presence is spot-on. He's a stunning combination of dazzling good looks and profound talent,68,1,Visual/妆造与表情管理,Unknown,成韩彬
@MW_96,Sung hanbin❤,46,1,Visual/妆造与表情管理,Unknown,成韩彬
@guesswhoisme114,SUNG HANBINN,1,1,Visual/妆造与表情管理,Unknown,成韩彬
@ran-v2v,SUNG HANBINNN,22,1,其他,Unknown,成韩彬
@stasiahere,SUNG HANBINNNN,50,1,Visual/妆造与表情管理,Unknown,成韩彬
@liavcal,Sung hanbinnnnn,28,1,Visual/妆造与表情管理,Unknown,成韩彬
@Sung._.binbin,SUNGHANBIN SOOO HANDSOME 🙌🏻🔥😍✨,7,1,Visual/妆造与表情管理,Unknown,成韩彬
@Panda68-d3q,Super písnička,6,1,其他,Unknown,None
@Panda68-d3q,Supr Čupr,0,1,其他,Unknown,None
@bloebleub,Taerae bro,2,0,其他,Unknown,金泰来
@violezahard5796,Taerae esta tao lindo,1,1,Visual/妆造与表情管理,Unknown,金泰来
@sparklypri,taerae in all black does something to me,2,1,Visual/妆造与表情管理,Unknown,金泰来
@ssunflowing,Taerae is a lot more handsome oww 😍,4,1,Visual/妆造与表情管理,Unknown,金泰来
@horanghaesoonyoung4692,TAERAE OMG,2,1,Visual/妆造与表情管理,Unknown,金泰来
@pointseventhree,TAERAE OMG?!?,1,1,Vocal/高音与唱功,Unknown,金泰来
@Jioulpndara,TAERAE!!! anyways this song such a masterpiece,2,1,其他,Unknown,金泰来
@Zerose007,Taerae's part is addictive,2,1,Vocal/高音与唱功,Unknown,金泰来
@Divachaos_zerose09,TAERAE’S OUTFIT!!! The half skirt-half pant thing suits him so well. Honestly the stylist did an amazing job with all the fits even if it was minimal but the members really slayed💗,6,1,Visual/妆造与表情管理,Unknown,金泰来
@cindyleonita7806,TAERE'S POST CHORUS PART GOT ME 🥹🥹🥹🥹🥹🥹🥹🥹🥹🥹🥹🥹,2,1,Vocal/高音与唱功,Unknown,金泰来
@BulandKhan-v1o2c,Talentbaseone,3,1,其他,Casual,None
@anxsfox,"tbh, I was never a fan of zb1 and never vibed with their songs really (always gave a listen to each release), but this one.....this one made me feel like~ ♥",35,1,其他,Casual,None
@paolahernandez3217,Temazo !!!!,4,1,其他,Unknown,None
@nazirassa,THANK YOU FOR RELEASING THIS BANGER,3,1,其他,Unknown,None
@mr.jungjaehyuncansteponme,that separation really got hanbin so bad his alpha pheromones are reeking out,1,1,Visual/妆造与表情管理,Unknown,成韩彬
@pkmnforisobel,"THAT THUMBNAIL IS CRAZY. TRULY, SUNG HANBIN IS HANDSOME AS HECK",4,1,Visual/妆造与表情管理,Unknown,成韩彬
@guesswhoisme114,the 2000th comment for my baby sung hanbin,7,1,其他,Zerose,成韩彬
@Betweenmarsandjupiter,The aura of this group 😮,4,1,Visual/妆造与表情管理,Unknown,None
@cwcwc-r2l,the best fcking zb1 song ever,1,1,其他,Unknown,None
@musangsi13,the best out of all the current kpop releases in my opinion. such a catchy song and well directed mv.,4,1,其他,Casual,None
@Susuworld03,THE BEST REBRAND THEY COULD EVER HAVE OH YOU GUYS NAILED ITT,2,1,其他,Unknown,None
@lifeinalittlehouse2210,"the best vocals, taere and hanbin, best rappers, jiwong, gunwo and matthew... perfect",4,1,Vocal/高音与唱功,Unknown,None
@seokjocy,The boys did not disappoint .. they fit so well together.  TOP5!!!!!!!!!!!!!!! BABY!!!!!!!!!!!!!!,2,1,其他,Unknown,None
@BrielaKim,"The boys did very well after everything they went through, zb1 remains an iconic 



* I hope someday we can see the 9 of them together again, even if it's just for anniversaries or reunions.",0,1,其他,Unknown,None
@JesusBibleMinistry316,The charisma of this group is INSAAAAAAAAAAANE!!!!!!!!!❤‍🔥❤‍🔥❤‍🔥,2,1,Visual/妆造与表情管理,Unknown,None
@linaa371,The choreo is so good,3,1,Dance/走位与舞蹈力度,Unknown,None
@taeraedebut,the choreo is truly as expected..so extraaa ❤❤,2,1,Dance/走位与舞蹈力度,Unknown,None
@sunoowae,the choreography is so unique man i love it so much,12,1,Dance/走位与舞蹈力度,Unknown,None
@ray-wi4jp,"the choreography is sooo good and i love how all members kinda have their own  killing parts, so they all get to shine, and the styling suits them much, i’m going crazy 🥹 five cool guys indeed !!!",5,1,Dance/走位与舞蹈力度,Unknown,None
@sofiakatedetoya5773,the dance break is so satisfying to watch,0,1,Dance/走位与舞蹈力度,Unknown,None
@Shiro-r1n,The dance is so cool and even cooler with Studio Choom's lighting!,1,1,Dance/走位与舞蹈力度,Unknown,None
@bluerose1904,THE GOATS!,2,1,其他,Unknown,None
@АнельДаркенбайқызы,The lyric😌,0,0,其他,Unknown,None
@jebesrae,the mcountdown stage has also been released. don't forget to watch it too,0,0,其他,Unknown,None
@BulandKhan-v1o2c,The performance is so good i can't stop my self to coming here,1,1,Dance/走位与舞蹈力度,Casual,None
@estea8277,"The re-branding is success, this song is soooooo good",1,1,其他,Unknown,None
@soniirawan5926,The real Top 5,2,1,其他,Unknown,None
@miumiu.888,The rebirth of ZB1 🖤,1,1,其他,Unknown,None
@feinatz,THE SONG AND CHOREO COOKS SO WELL,0,1,Dance/走位与舞蹈力度,Unknown,None
@CrystalClear-zm1nm,"The song is so freaking good. And their performance is immaculate here. Please promote this song more, the music got lots of potential!!",14,1,Dance/走位与舞蹈力度,Unknown,None
@forand2ble,THE SONG IS SO GROOVY AND IM SO ADDICTED OMG,1,1,其他,Unknown,None
@kimd4110,"the song, the chorus, the dance, the face card, the style all perfect...❤️‍🔥❤️‍🔥",1,1,Visual/妆造与表情管理,Unknown,None
@Cank3rSoreP1ece,"The songs giving solo Yeonjun vibes😝
(In the BEST way)",3,0,其他,Unknown,None
@senabitna,the visuals,1,1,Visual/妆造与表情管理,Unknown,None
@RaniKumari-zg9cj,The visuals...The SYNCHRONISATION... The clothing... The hair & makeup...and the facial expressions.. everything is just perfect 🤌😭... standard is alive 😭..,49,1,Visual/妆造与表情管理,Unknown,None
@Betweenmarsandjupiter,The way I can see EVERY SINGLE MEMBER so clearly and I remember all their parts 😌🤏🏻🤏🏻,0,1,其他,Unknown,None
@alinah430,"their best choreo yet, actually so addicting to watch",2,1,Dance/走位与舞蹈力度,Unknown,None
@BulandKhan-v1o2c,Their performance is just like wow,0,1,Dance/走位与舞蹈力度,Unknown,None
@iamcoriane9854,Their performance skills are always top notch,1,1,Dance/走位与舞蹈力度,Unknown,None
@Josie-c2x7z,There are so incredible!!!!Zb1!!!!!!!!!,3,1,其他,Unknown,None
@cutefroggy0613,"There were times when all zb1 thumbnails were Zhang Hao😪 Miss ot9, but I'm happy that we still have this 5. Love you, guyssss💙💙💙💙💙",0,1,其他,Zerose,None
@zaff_23,They all are kdrama male lead coded 🔥,8,1,Visual/妆造与表情管理,Unknown,None
@EchanteDante,THEY ARE ALL SOOOO HOT!!!!,1,1,Visual/妆造与表情管理,Unknown,None
@ROSA-k8l4w,They are incredible dancers,3,1,Dance/走位与舞蹈力度,Unknown,None
@weiziyu-y5c,they are indeed the top 5 in my heart,0,1,其他,Casual,None
@wendy7746,They are my top 5 favorites,1,1,其他,Unknown,None
@cmtbs28,They are so elegant and handsome ;),1,1,Visual/妆造与表情管理,Unknown,None
@kimsunz1,They are so handsome!! I also LOVE the choreography so muchhh,0,1,Visual/妆造与表情管理,Unknown,None
@haotheracoon,They ate,0,1,Dance/走位与舞蹈力度,Unknown,None
@LiveLeaf-xs7wy,They ate.,7,1,其他,Unknown,None
@aster-3011,"They did soo well , I'm Soo proud of my boys🥺🥺❤❤❤",2,1,其他,Zerose,None
@MacyFederspiel,they look crazy good this era,5,1,Visual/妆造与表情管理,Unknown,None
@Stuckwithsabo,"They look so cool,taeraes looking so good within this concept though,im falling for him hehe",2,1,Visual/妆造与表情管理,Unknown,金泰来
@zhguriii,They look so good❤,0,1,Visual/妆造与表情管理,Unknown,None
@jest599,they nailed thiss comeback! let's work hard to shower them with love~,0,1,其他,Zerose,None
@nurulhusnamiss7952,they so stunning in this concept 🫣,2,1,Visual/妆造与表情管理,Unknown,None
@arimbae,they're really talented and I never doubt them even if they're only 5 now. i know the former members will also succeed,10,1,其他,Casual,None
@kimshi7497,They're so fantastic!!! :D,0,1,其他,Unknown,None
@mmello_jello,"THIS CHOREO IS MAKING ME FEELING THINGSSS
LMAO Gunwook's ending sdsakhdb",1,1,Dance/走位与舞蹈力度,Unknown,朴乾煜
@copedesign,this concept really suit them well,0,1,Visual/妆造与表情管理,Unknown,None
@blueisnotsad,This is amazing 🤩,0,1,其他,Unknown,None
@lyynn-010,this is an amazing song.. i love the dance so much!!,2,1,Dance/走位与舞蹈力度,Unknown,None
@24kgoldgyububu,this is def hanbin’s era,4,1,Visual/妆造与表情管理,Unknown,成韩彬
@Susuworld03,THIS IS GENIUNELY THE BEST SONG I HAVE EVER HEARD?? LIKE BEST SONG BEST ALBUM LITERALLY ZB1 TAKING IT THIS YEAR HOLY SHIT,1,1,其他,Unknown,None
@ilyrui,this is how you come back stronger,2,1,其他,Unknown,None
@Betweenmarsandjupiter,This is K-pop rebrand of the century! I don’t know how they did it so perfectly!,10,1,其他,Casual,None
@MyLife_IsBoring,This is one of my top 5 songs ❤️,2,1,其他,Unknown,None
@dollyrexic,THIS IS SO GAGGY,0,1,其他,Unknown,None
@kiholdd,THIS IS SO PEAK.,0,1,其他,Unknown,None
@izzalovezza,this is such a strong debut omg,3,1,其他,Unknown,None
@Nini-rk9np,"This is the best hairstyle for Hanbin he looks so handsome, I've replayed this video many times because all members look so handsome here especially Hanbin his hairstyle is so giving, lots of love to zb1 and the hairstylist.. Also the song, the dance, the music are all perfect 100%",11,1,Visual/妆造与表情管理,Zerose,成韩彬
@lanofworm,this is the best hairstyle hanbin's ever had please style him like this more and more and more,11,1,Visual/妆造与表情管理,Unknown,成韩彬
@hommefataltaemin,This is the comeback that finally made me stan them lol this mini album is straight up PERFECT 10/10,7,1,其他,Casual,None
@hamyangbeen,"This is the first time Hanbin has had this hairstyle, and it’s so captivating. I want to see him try even more different hairstyles in the future",3,1,Visual/妆造与表情管理,Unknown,成韩彬
@alexsshu,"this is what a perfect comeback looks like. perfect song, vibe, perfect styling, perfect choreography, perfect performance and perfect zb1. watching them perform this is so satisfying...
also wanna give a big BIG hug to the stylists because they ate this era",53,1,Dance/走位与舞蹈力度,Unknown,None
@alonewhale197,This is why men in black is my favorite .. cant take eyes off from jiwoong❤ im so proud if them..five of them nailed it . ❤,5,1,Visual/妆造与表情管理,Unknown,金地雄
@Izlmax,This lowkey is insane Top 5 SO PEAKKK HELLO????😍,1,1,其他,Unknown,None
@luv.3398,This performance is so so good.,1,1,其他,Unknown,None
@JangmiCherry,This rebrand feels strangely familiar,0,0,其他,Unknown,None
@be_1993x,"This song & choreo is so addictive, such a great comeback :)",1,1,Dance/走位与舞蹈力度,Unknown,None
@n.tobe.smol158,this song feels like it was written FOR zb1,3,1,其他,Unknown,None
@akitasound13,THIS SONG IS FIREEEE,5,1,其他,Unknown,None
@SabsabLee14,THIS SONG IS JUST SO ADDICTIVE!!!!!,1,1,其他,Unknown,None
@abibizip,this song is so addictiveeee,2,1,其他,Unknown,None
@Io_oITori,This song is so good🔥,1,1,其他,Unknown,None
@Chan-kp3yb,This song is so Jiwoong coded,2,1,其他,Unknown,金地雄
@strawberi1928,this song is too good zb1 you are too cool 🔥,1,1,其他,Unknown,None
@UIU-UU,This studio is fantastic and the performances there are beautiful. I wish they could also feature AESPA and have them perform there😔🙏🏻🙏🏻,3,0,其他,Unknown,None
@saeun-sec5,Thumbnail so handsome ❤‍🔥😍,4,1,Visual/妆造与表情管理,Unknown,None
@brunocostaofficial,Tô amando ainda mais!,0,1,其他,Unknown,None
@JangmiCherry,"TO TAERAE’s STYLIST, KEEP IT UP!! BRING US MORE THIRSTRAP TAERAE🙇‍♀️",1,1,Visual/妆造与表情管理,Unknown,金泰来
@mr.jungjaehyuncansteponme,to this day it still amazes me how talented hanbin is while having a face like that,4,1,Visual/妆造与表情管理,Unknown,成韩彬
@Eclimse9,"Todos lo hicieron genial 🎉
Son increíbles 
Zeroses hay que hacer su canción sea un TOP",2,1,其他,Zerose,None
@peraperq,todos se ven taan bien en este comeback,1,1,Visual/妆造与表情管理,Unknown,None
@zerose_allin,Top 5,0,0,其他,Unknown,None
@zerose_allin,Top 5 ❤,1,1,其他,Unknown,None
@zerose_allin,Top 5 ❤❤❤,2,1,其他,Unknown,None
@dear_utopia,TOP 5 🏆🏆🏆🏆🏆,2,1,其他,Unknown,None
@jooyae_kim,"top 5 1위 가자💙
컴백 축하해💙
제베원 사랑해💙
성한빈 김지웅 석매튜 김태래 박건욱 사랑해💙💙💙",2,1,其他,Zerose,None
@zebewonforever,"Top 5 cool guys Sung Hanbin, Kim Jiwoong, Kim Taerae, Seok Matthew, Park Gunwook",170,1,Visual/妆造与表情管理,Unknown,None
@OhMyWawa,"TOP 5 is looking so good..i love their voice, how everyone has their own color..im so proud of our ot5 ZB1",13,1,Vocal/高音与唱功,Zerose,None
@TheKTwins5668,TOP 5 IS ONE OF THE BEST ZB1 SONGS,2,1,其他,Unknown,None
@jinret_de_hyunjin-u0325,"Top 5 is such a banger
The visuals 
The vocals 
The lyrics 
Everything is on Top",20,1,Visual/妆造与表情管理,Unknown,None
@Lilybin-k5o,Top 5 performance is soooo crazyyyy!!,9,1,其他,Unknown,None
@feinatz,TOP 5 SO PEAK,0,1,其他,Unknown,None
@tinnncc,TOP 5 WILL ALWAYS BE ICONIC,4,1,其他,Unknown,None
@seokjocy,TOP 5!!!!... playing this nonstop during the summer.,4,1,其他,Unknown,None
@BulandKhan-v1o2c,Top5,0,0,其他,Unknown,None
@Susuworld03,TOP5 IS SO ADDICTIVE. I JUST CANT STOP LISTENING TO IT,1,1,其他,Unknown,None
@sunflower-6131,TOP5 노래 너무 좋은데 더 많은 사람들이 봐주면 좋겠다,55,1,其他,Casual,None
@blissfulsumni,TOP5 대박나자!!!❤❤❤❤❤사랑해 제로베이스원❤️❤️❤️❤️❤️,3,1,其他,Zerose,None
@hy3973,TOP5 세련되고 합이 잘맞아 제베원 멋지다 넘 뿌듯하네 사랑해~~^^,23,1,Dance/走位与舞蹈力度,Zerose,None
@마키-c2x,TOP5 진짜 멋져❤ 화면에 넋을 뗄 수 없어 😊 언제나 멋지지만 매력이 더 올라갔어⤴️⤴️⤴️⤴️⤴️,2,1,Visual/妆造与表情管理,Unknown,None
@vintagej-hy,top5！,3,0,其他,Unknown,None
@sungnna,TOP5❤,3,1,其他,Unknown,None
@한가람-g6o,TOP5👍 5명이 꽉 채워주는 에너지 넘넘 좋다💙💙💙💙💙,14,1,Dance/走位与舞蹈力度,Unknown,None
@user-pola9316,"TOP5🔥🔥😍
這個妝造很簡單，但大家都很帥",1,1,Visual/妆造与表情管理,Unknown,None
@jin-hj,TOP5는 노래도 노래지만 퍼포가 쏘~깔끔하고 까리해서 좋음,15,1,Dance/走位与舞蹈力度,Unknown,None
@hakoro51,"TOP5と同じく、かっこいい😎
癖になる曲💕
次はAND2BLEの番だよ！
let's go〜！💙",1,1,其他,Casual,None
@hellotohopeworld,Total slay.❤,1,1,Dance/走位与舞蹈力度,Unknown,None
@srhjnmr33,"tttaaraeeeeee ❤❤❤❤ I love Taerae here, he is bias on this album!!!! 😊😊😊😊",0,1,Vocal/高音与唱功,Zerose,金泰来
@bunnyz1712,UGHHH EVERYONE LOOKS SOOO GOOD AND THEY STAND OUT INDIVIUALLY LOVE THIS CONCEPT SM <33,1,1,Visual/妆造与表情管理,Unknown,None
@zrs4166,ughhh this is so gooodddd,2,1,其他,Unknown,None
@lwinhaymanoo1396,VERY PERFECT!!!!!,1,1,其他,Unknown,None
@hustleginn1457,Visualbaseone,2,1,Visual/妆造与表情管理,Unknown,None
@hustleginn1457,Vocalbaseone,2,1,Vocal/高音与唱功,Unknown,None
@shanbinsz,wahh hanbin are so handsome,49,1,Visual/妆造与表情管理,Unknown,成韩彬
@STVNJLHAN,wait.. this is eargasm,0,1,Vocal/高音与唱功,Unknown,None
@wonsavocado,Wakeone thankyou for this BANGER,2,1,其他,Unknown,None
@emiiyun7498,WE'RE SO BACK BABY,4,1,其他,Unknown,None
@zjxxxxx-97,Whoever made this choreo deserves all the respect in the world... the members are literally born for this and they look INCREDIBLY GOOD,59,1,Visual/妆造与表情管理,Unknown,None
@lyynn-010,why does taerae look extra good here..,1,1,Visual/妆造与表情管理,Unknown,金泰来
@GiantMount10s_Star,Why I thought Gunwook is a hyung line😭,0,0,其他,Unknown,朴乾煜
@BulandKhan-v1o2c,Why it's stop on 1.4M,1,0,其他,Unknown,None
@mybeautifuldarling,Why they do Gunwook like that with that ending fairy?? 😅,1,0,Visual/妆造与表情管理,Unknown,朴乾煜
@rizzanartleb1868,Why! This comeback is so effin good! I'm addicted ❤,2,1,其他,Unknown,None
@dorotheakim93,Will we get unfiltered solo cams???,0,0,其他,Unknown,None
@wooknana,woah kim taerae,3,1,其他,Unknown,金泰来
@taouafzina2077,"Wonderful, they all overflow with every kind of charm and allure.",0,1,Visual/妆造与表情管理,Unknown,None
@martinezmedinaarantxaeliza4392,Wooooooo 🎉❤,3,1,其他,Unknown,None
@ZinMayOo-jq1rm,Wow ❤❤❤❤❤,0,1,其他,Unknown,None
@Pinkgirlll-d3t,Wow hanbin is so handsome 😍,649,1,Visual/妆造与表情管理,Unknown,成韩彬
@mally.f,wow hanbin is so handsome...,20,1,Visual/妆造与表情管理,Unknown,成韩彬
@ThaoPham-db8zu,"wow sung hanbin 💯 visual, vocal and dance 💯 insane",43,1,Visual/妆造与表情管理,Unknown,成韩彬
@wanda_wnd,Wow sung hanbin is so handsome😍,3,1,Visual/妆造与表情管理,Unknown,成韩彬
@Rjbunnie_,"Wow! Just wow, THEY ATE THIS UP FR❤‍🔥",3,1,Dance/走位与舞蹈力度,Unknown,None
@patricianieto8317,Wow..tan guapos...mucho amor super cancion...suoer cporeografia..!!..LET ' S GOO ZEROBASEONE...🇦🇷😃🇦🇷💪🎇,0,1,Dance/走位与舞蹈力度,Casual,None
@nonlili,WOWOWOWOWOOWOW AHHHHHHHH,1,1,其他,Unknown,None
@amikookie8433,Wowwwwwww ameeeeeee hanbinn teamoooooooo❤❤❤❤❤,1,1,其他,Casual,成韩彬
@zerobaseone_kz,YAAAA MY FAVSSSS🩵🩵🩵,1,1,其他,Zerose,None
@Hamed234-i5z,YALL ARE SO FREAKING COOL 😭❤️‍🔥❤️‍🔥❤️‍🔥 LOVE THE MATURE REBRANDING SMMM,8,1,其他,Unknown,None
@xalexhc21,YALL TAERAE DID NOT COME TO PLAYY,2,1,Vocal/高音与唱功,Unknown,金泰来
@skysky2599,Yes so good,3,1,其他,Unknown,None
@miwookiei,YESSS SO GOOD,2,1,其他,Unknown,None
@Angie-o8m,"You did well, and you're doing amazing, our Top 5.",2,1,其他,Zerose,None
@Betweenmarsandjupiter,YOU GUYS ARE THE BRAVEST PEOPLE I KNOW URI JEBES,2,1,其他,Zerose,None
@Ndyashffwh,you have worked hard 🥹🤍🤍🤍,2,1,其他,Unknown,None
@zerose_allin,"Your lips, your style, your kiss, your smile ❤❤",2,1,Visual/妆造与表情管理,Unknown,None
@BulandKhan-v1o2c,Your the list of my top favorite,2,1,其他,Unknown,None
@PeroltaStremcha,"Your videos are always so helpful, thank you!",1,1,其他,Unknown,None
@thensoarewe,"YUMMMMMMM KIM TAERAE GRRRR WOOF WOOF WOOF ARF ARF AHHHHHH 

sorry idk what came over me...",0,1,Visual/妆造与表情管理,Unknown,金泰来
@irxnicqq,zb1 after proving the haters wrong that after the split they'll still never produce skips,0,1,其他,Unknown,None
@l3vyx,ZB1 are my top 5 💗💗💗,3,1,其他,Casual,None
@Betweenmarsandjupiter,"ZB1 DONT BE SCARED, YOURE LITERALLY BRINGING IN SO MANY NEW FANS 👏🏻👏🏻",10,1,其他,Casual,None
@presvyataya,ZB1 fighting!!!,3,1,其他,Unknown,None
@yicelflowerz1607,ZB1 handsome 😍😍😍😍😍,2,1,Visual/妆造与表情管理,Unknown,None
@vicbin,Zb1 have a lot of energy🔥🔥,6,1,Dance/走位与舞蹈力度,Unknown,None
@RaniKumari-zg9cj,ZB1 is literally the group full of visuals.... it's so hard to decide the visual of the gp... everyone is shining in their own way.. with their own charms😭,193,1,Visual/妆造与表情管理,Unknown,None
@hongermelon,ZB1 is sooo cool 🥹🥹,2,1,Visual/妆造与表情管理,Unknown,None
@KaungKaung-o5i6j,Zb1 is zb1 🎉🎉😊😊,2,1,其他,Unknown,None
@ottbell3535,ZB1 my Top 5🔥🔥🔥🔥🔥,1,1,其他,Unknown,None
@2001.o_o,ZB1 NEVER DISAPPOINTS,2,1,其他,Unknown,None
@claudiajhoanaramirezzuniga7766,ZB1 nunca decepciona con tremendos temazos,1,1,其他,Casual,None
@2001.o_o,ZB1 THE BEST EVER,2,1,其他,Unknown,None
@kyawtkay306,ZB1 TOP,0,1,其他,Unknown,None
@Yutingrae7,zb1❤❤❤,0,1,其他,Unknown,None
@iamchison,zb1做得好👍,0,1,其他,Unknown,None
@yokli8531,"Ze_Roses!!
Remember watch all the stages and fancams, and v0te!!! 
ZB1 & ZE_ROSES FIGHTING!!",2,1,其他,Zerose,None
@setset2097,Zebe is so amazing boy gp that I have standed,1,1,其他,Zerose,None
@BulandKhan-v1o2c,Zerobaseone,4,0,其他,Unknown,None
@BulandKhan-v1o2c,"Zerobaseone
My top five favorite",3,1,其他,Unknown,None
@BulandKhan-v1o2c,"Zerobaseone
Top five",4,0,其他,Unknown,None
@nayeolgyu,zerobaseone ❤,1,1,其他,Unknown,None
@mrsallognon,Zerobaseone ❤❤,0,1,其他,Unknown,None
@NaranjinBat-erdene,ZEROBASEONE ❤❤❤❤,16,1,其他,Unknown,None
@arelijuarez3290,"ZEROBASEONE 🔝🔝🔝🔝🔝
Sung Hanbin is sooooooooooooo handsome!!",2,1,Visual/妆造与表情管理,Unknown,成韩彬
@Binnie_Key,Zerobaseone all-rounder,2,1,其他,Unknown,None
@sitarahussain9879,Zerobaseone are so hot and handsome men,0,1,Visual/妆造与表情管理,Unknown,None
@kyulforbin,ZEROBASEONE ATE 🔥,3,1,其他,Unknown,None
@zerose_allin,Zerobaseone I love you,0,1,其他,Zerose,None
@ainhoasalinassanchez3259,"Zerobaseone los reyes del Kpop!
✊✊✊✊✊✊✊✊✊✊✊✊✊✊✊✊✊✊❤❤❤❤❤❤❤❤❤❤❤❤❤❤❤❤❤❤",0,1,其他,Unknown,None
@BulandKhan-v1o2c,Zerobaseone never disappoint with their performance they always kill it,5,1,Dance/走位与舞蹈力度,Unknown,None
@Binnie_Key,Zerobaseone perfect ❤‍🔥❤‍🔥,2,1,其他,Unknown,None
@zerose_allin,Zerobaseone saranghaeyo,0,1,其他,Unknown,None
@Binnie_Key,Zerobaseone top 5,1,1,其他,Unknown,None
@ariadarmawanganz,ZEROBASEONE TOP 5 BEST PERFORMER,3,1,Dance/走位与舞蹈力度,Unknown,None
@SayreGgg,"zerobaseone You are absolutely amazing, you are the best!",3,1,其他,Casual,None
@Binnie_Key,Zerobaseone's comeback this time is amazing,2,1,其他,Unknown,None
@Binnie_Key,Zerobaseone❤,1,1,其他,Zerose,None
@BulandKhan-v1o2c,Zeros vote on m countdown,2,0,其他,Zerose,None
@senehasingh1574,Zerose 2Mil is close 💙🎉,3,1,其他,Zerose,None
@louloudoll,ZEROSE IS SO PROUD ❤,2,1,其他,Zerose,None
@Lifeofseven_7,Zerose! Ready to give the boys what they deserve?,1,1,其他,Zerose,None
@ara21095,Zeroses full stream por favor en este vídeo y en el Mv TOP 5,2,1,其他,Zerose,None
@ara21095,Zeroses sigamos haciendo stream pliss en el MV también por Spotify en Stationhead,1,1,其他,Zerose,None
@АйнашЕдрисова-л4к,Айнаш Едрисова😅😅😅😅😅😅😅😅😅,1,0,其他,Unknown,None
@Adrihe.,Они потрясающие,1,1,其他,Unknown,None
@corocorocoronya,ТЭРЭ ТАК ПОДХОДИТ ЭТОТ КОНЦЕПТ ОМГГГ (o゜▽゜)o☆,0,1,Visual/妆造与表情管理,Unknown,金泰来
@Njm__25,الاغنية رائعة جدا اقسم انني ادمنت عليها ❤ تحيا الجزائر 🇩🇿وتحيا كوريا الجنوبية 🇰🇷 اخوة للابد ❤,7,1,其他,Unknown,None
@myplayground1159,เท่สุดๆ ไปเลย,0,1,其他,Unknown,None
@nchxu,โคตรกึง,0,1,Dance/走位与舞蹈力度,Unknown,None
@천리향-w8v,감사 감사 또 감사합니당 ❤😭,3,1,其他,Unknown,None
@오리몬-i3n,개머싣다진짜 노래가짧고 미니멀한데도 꽉차고 풍성하게느껴짐,73,1,Dance/走位与舞蹈力度,Unknown,None
@희아-e7o,개멋있어❤❤❤❤❤❤❤❤❤,5,1,其他,Unknown,None
@말랑-b2i,계속봐 햄냥이가 너무 멋있잖아,5,1,Dance/走位与舞蹈力度,Zerose,石马修
@daisy_s1b,곡의 길이가 짧은데도 노래도 안무도 한명한명 잘보이고 계속 들어도 안질려서 신기하다... 이렇게 좋은 TOP5가 음원차트에 오래 있었으면 좋겠어요,6,1,Dance/走位与舞蹈力度,Unknown,None
@해기-p2m,그냥 멋지다 ❤,2,1,Visual/妆造与表情管理,Unknown,None
@아아-r9c3m,근데 진짜 구라가 아니라 노래가 들어도 들어도 안 질림,482,1,其他,Unknown,None
@woog-ji,"김지웅 겁나 섹시하다
너무 이뻐",4,1,Visual/妆造与表情管理,Unknown,金地雄
@윤서-l8s,김지웅 성한빈 석매튜 김태래 박건욱 화이팅 💘💘💘💘💘,0,1,其他,Zerose,None
@haonique,김태래 미쳤다 … 왜캐 잘생겼다 ㅠㅠ,1,1,Visual/妆造与表情管理,Unknown,金泰来
@cotton_is_me,까리하다,34,1,Visual/妆造与表情管理,Unknown,None
@LigioNa,끝났네 박ㅋㅋㅋㅋㅋㅋ,0,1,Dance/走位与舞蹈力度,Unknown,朴乾煜
@mschung91,나만 옛날 신화느낌 받는건가? 제베원 잘생기고 멋진 거 다 해라❤,4,1,Visual/妆造与表情管理,Unknown,None
@Djskakqv,나타팬인데왜여기까지왓지,1,0,其他,Casual,None
@wookwoo110,난 스춤이 너무너무 좋아 〰️ 화질도 조명도 카메라도 헤메코도 걍 싹다 💙💙💙💙💙,11,1,Visual/妆造与表情管理,Unknown,None
@얌얌-o2u,너무 좋아!!!,13,1,其他,Unknown,None
@AmorFati_2026,너무 진짜 ㄹㅇ 이거다!! 이걸 원했다구🙏🙏🙏💕,4,1,其他,Unknown,None
@jjourrnee,"너무 쫀득하게 잘해… 이번에 매튜가 진짜 리즈 찍는 느낌,, 너무 잘해서 탑 5 무대 볼 때 마다 소름 돋음,, ㅜㅜ🤍",6,1,Dance/走位与舞蹈力度,Zerose,石马修
@아무도아님-o9p,너무잘해 너무 잘한다는 말 말고는 생각이안남 그냥 너무 잘해서 ㅜ,90,1,Dance/走位与舞蹈力度,Unknown,None
@user-bz2jy5wv3r,너무좋다,2,1,其他,Unknown,None
@sorly2233,너무좋다ㅏㅏㅏㅏㅏㅏㅏㅏ,8,1,其他,Unknown,None
@JINI-쏘,노래 미쳤어 미치겠음,12,1,其他,Unknown,None
@nyomi2105,노래 좋고 안무 좋고 잘너지고,1,1,Dance/走位与舞蹈力度,Unknown,None
@OMGG22,노래 중독성 최고!!,4,1,其他,Unknown,None
@yurrrri710,노래가 어쩜 이렇지? 2세대 느낌이 나면서도 또 너무 세련됐어 비트도 미쳤고 안무랑 개멋짐,135,1,Dance/走位与舞蹈力度,Unknown,None
@하오빈,노래가 잘생겼어 이거지 제베원이랑 넘 잘어울림,4,1,其他,Unknown,None
@7ll4gk,노래가 참 듣기 좋네. 안무 구성도 멋지다.,8,1,Dance/走位与舞蹈力度,Casual,None
@jisunhan5741,노래도 좋고 춤도 멋지고 5명 모두 다 멋지고!,13,1,Dance/走位与舞蹈力度,Unknown,None
@reve6791,니중에 다 회사 나오게되면 다같이 회사차려서 하나로 뭉친 모습 보고싶다ㅠㅠ,3,1,其他,Unknown,None
@yurrrri710,다들 실력충이라 정말 보는 맛 듣는 맛이 있다,3,1,Vocal/高音与唱功,Unknown,None
@seol-kg1jt,다섯명의 안무가 너무 멋지다. ❤,2,1,Dance/走位与舞蹈力度,Unknown,None
@khansaqonita7714,다시 입덕 계속 입덕중,16,1,其他,Zerose,None
@byulbyul628,데뷔 후 처음으로 제대로 된 노래가 나왔네! 코디도 일 잘한다!🎉 '다섯 뱀파이어의 유혹'(?)같은 느낌?! 꺄아~ 완전 좋아❤,5,1,Visual/妆造与表情管理,Unknown,None
@400년만ILOVEYOU,도입부가너무좋음그냥…….ㅜㅜㅜㅜ,3,1,Vocal/高音与唱功,Unknown,None
@황문자-h2q,드뎌 오늘 엠카에 온다!,1,0,其他,Unknown,None
@tyy-aa,매튜 눈빛 도랏,0,1,Visual/妆造与表情管理,Unknown,石马修
@user-jjjjjjjjjje,매튜 언제 으른 됐어 ㅠㅠ,2,1,Visual/妆造与表情管理,Zerose,石马修
@tyy-aa,매튜 존잘이다,1,1,Visual/妆造与表情管理,Unknown,石马修
@foreverS2matthew,매튜야 너무 멋있고 잘한다 ❤❤️ 사랑해,10,1,Dance/走位与舞蹈力度,Zerose,石马修
@SeokWooHyun,매튜오빠 표정 진짜 ㄹㅈㄷ 너무 잘춘다 🤍🤍🥹,1,1,Visual/妆造与表情管理,Zerose,石马修
@하오빈,맨날 봐도 좋네 노래 안무 너무 좋음,6,1,Dance/走位与舞蹈力度,Unknown,None
@말랑-b2i,멋있다,8,1,其他,Unknown,None
@하오빈,멋있다 노래랑 안무 너무 좋아,16,1,Dance/走位与舞蹈力度,Unknown,None
@yem4540,멋짐이 폭발한다,41,1,Visual/妆造与表情管理,Unknown,None
@uknow_hanbin,"멤버들 골고루 보컬, 음색, 댄스 잘하는거 잘보여서 너무 좋다 ❤",15,1,Dance/走位与舞蹈力度,Unknown,None
@Syomigongjunim,"모든 음악방송이
이렇게 카메라 잡아줬으면 좋겠음 ㅜㅜ",57,0,其他,Unknown,None
@hjinju48,무대 진짜 잼있네.. 음방 기대된다..두근두근💞,28,1,其他,Unknown,None
@jiyeon1215,뭐지 얘네 왜 얼굴 폼 상승함,6,1,Visual/妆造与表情管理,Unknown,None
@na-ming_,미모에 퍼포먼스에 스타일링까지 미쳤다 진짜 나 뮤비랑 컴백 프리미어에 갇혀 살았는데 스춤까지 추가해야해,96,1,Visual/妆造与表情管理,Unknown,None
@별아-g1i,미쳣나봐,23,1,其他,Unknown,None
@웅fatdh,미쳣닾,74,1,其他,Unknown,None
@wow-m3i,미쳤다 멋쟁이 5명 ❤TOP5,10,1,其他,Unknown,None
@bheunsyung,미쳤다... 너무 짧아서 또 보게 됨,121,1,其他,Unknown,None
@생따일괄깅,미친 개좋다 미친 도파민,7,1,其他,Unknown,None
@mars5529-l8h,박건욱 너무 잘한다 역시 메인댄서다워,3,1,Dance/走位与舞蹈力度,Unknown,朴乾煜
@KTRBTANP,박건욱 너무 잘해😍,1,1,Dance/走位与舞蹈力度,Unknown,朴乾煜
@phobosarioka5324,박건욱💟💟💟💟💟,1,1,其他,Zerose,朴乾煜
@ffgrr0715,반했다,13,1,Visual/妆造与表情管理,Unknown,None
@RebeccaPark-gu9vw,백만딱지 주세요,2,1,其他,Zerose,None
@뭉개구름_dy,"벌써 끝나 왜.. 더 달란말ㅇㅑ,,",16,1,其他,Unknown,None
@임루나-r9w,"보컬, 퍼포, 비주얼 완벽한 그룹 여기 있습니다.",2,1,Dance/走位与舞蹈力度,Unknown,None
@Zho-030,비주얼 이거 맞아요?? 하 진짜 너무 잘생김😳😳💙💙💙 실력도 미쳤고 노래도 너무 좋음 ㅠㅠ 대박나자 제베원!!,5,1,Visual/妆造与表情管理,Unknown,None
@handsyou_u,비트 미쳤다,3,1,其他,Unknown,None
@멍멍-u2y,"빅스 이후로 처음 심장이 반응한다,,, 얘들아 이거다,,,
건욱아 늘 믿고있었다 ㄱㅅ",2,1,Dance/走位与舞蹈力度,Zerose,朴乾煜
@jlr6589,사녹가서도 느꼈지만 지웅이 얼굴은 진짜 감탄만 나온다,2,1,Visual/妆造与表情管理,Zerose,金地雄
@zzz-wn3up,사랑해,3,1,其他,Unknown,None
@haechancrush,사랑해💙💙💙💙존나멋졌어~~,4,1,其他,Zerose,None
@장예원-j5d,사랑해요,0,1,其他,Unknown,None
@tyy-aa,석매튜 사랑해❤제베원 대박나자❤,1,1,其他,Zerose,石马修
@yujin_on_n,석매튜 씨.. 헣허.. 무슨 말 해야 할지 모르겠어서 우선은 감사합니다(?) [엣지]는 석떤 남성에게 쓰라고 있는 단어 아니냐며-,0,1,Visual/妆造与表情管理,Zerose,石马修
@user-tg9ey3cx5z,석매튜 짱이다. 너무 멋있당 ㅠㅠ,4,1,其他,Zerose,石马修
@tin-l2j5q,성한빈 개잘생겼네 미친 헤메코 잘어울려,76,1,Visual/妆造与表情管理,Unknown,成韩彬
@말랑-b2i,성한빈 계속 봐,9,1,Visual/妆造与表情管理,Unknown,成韩彬
@jiyou-r6o,성한빈 너무 멋있고 잘 생겼다 화이팅,4,1,Visual/妆造与表情管理,Unknown,成韩彬
@말랑-b2i,성한빈 멋있어어어어어,6,1,Visual/妆造与表情管理,Unknown,成韩彬
@wonderful0208,성한빈 미쳤다 진짜 미쳤음 😭,25,1,Visual/妆造与表情管理,Unknown,成韩彬
@rosenee,성한빈 미쳤다!! 제로즈랑 TOP 5 까지 가자!! 사랑해💙😍🌹,19,1,Visual/妆造与表情管理,Zerose,成韩彬
@BBsesq_flq,성한빈 사랑해..ㅠㅠ,13,1,Visual/妆造与表情管理,Zerose,成韩彬
@fulove-s2k,성한빈 썸넬보고 안 들어올 수 가 없음,10,1,Visual/妆造与表情管理,Unknown,成韩彬
@좡-y5y,성한빈 안경쓰고다시찍어줘...,0,1,Visual/妆造与表情管理,Unknown,成韩彬
@vicbin,성한빈 이 날 이 착장과 헤어 레전드임 너무 잘생겼어❤,5,1,Visual/妆造与表情管理,Unknown,成韩彬
@Cheesecake_613,성한빈 입덕,1,1,其他,Casual,成韩彬
@wsaaaw,성한빈 입덕❤❤,4,1,Visual/妆造与表情管理,Zerose,成韩彬
@나니나닝-h7w,성한빈 잘생김❤,43,1,Visual/妆造与表情管理,Unknown,成韩彬
@zerose._.taerin,성한빈 진짜 센터에 있지 않아도 항상 내 시선을 다 뺏어가..😽,16,1,Visual/妆造与表情管理,Unknown,成韩彬
@doremi_r2tp,성한빈 진짜......🤦🏻‍♀️🤦🏻‍♀️💕💕💕💕💕💕💕,38,1,Visual/妆造与表情管理,Unknown,成韩彬
@3xyllr,성한빈 짱이다,11,1,其他,Unknown,成韩彬
@Greater_3,성한빈 표정 연기 머리스타일 옷 춤  모든면에서  너무 좋네요,4,1,Visual/妆造与表情管理,Unknown,成韩彬
@성한빈-o1z,성한빈❤나,7,1,其他,Zerose,成韩彬
@shbfiles-613,성한빈💘💘,4,1,Visual/妆造与表情管理,Unknown,成韩彬
@아이브-h3p,성한빛나,20,1,Visual/妆造与表情管理,Zerose,成韩彬
@alwaysWKM,세상의 온갖 멋 간지는 제베원이 씹어먹음,1,1,Dance/走位与舞蹈力度,Unknown,None
@코리_Corry,셜록 보고 감탄하고 있었다니 알고리즘이 이 영상 추천해줌,158,0,其他,Unknown,None
@marrysakkkkkuyyyyya,셜록부터느낌ㅈㄴ좋더니탑파에서레전드를처찍어버리는제베원아가들아,1,1,Dance/走位与舞蹈力度,Zerose,None
@말랑-b2i,스춤 미쳤다 너무 좋아,12,1,其他,Unknown,None
@na-ming_,스춤 비하인드도 꼭 쥬시는거죠…?매일 기다리고 있어요🥹🫶🏻,0,0,其他,Unknown,None
@RebeccaPark-gu9vw,스춤에서만 보기 아까워 이 착장으로 음방도 하자,2,1,Visual/妆造与表情管理,Unknown,None
@가비-z5y,스춤은 매번 레전드💕 풀샷이랑 근접샷 역시 좋음,19,1,Visual/妆造与表情管理,Unknown,None
@nyomi2105,스춤은 역시 달라,1,1,其他,Unknown,None
@tyy-aa,스타일 다 미쳤네,1,1,Visual/妆造与表情管理,Unknown,None
@김희옥-x1m,실력자들 5명으로 구성되어 보는데 불편함이 없네 노래 잘볶았네,4,1,Vocal/高音与唱功,Unknown,None
@Iconik0901,"썸네일 무슨 일이냐고
이러면 봐야 하잖아...
성한빈 미모 정상영업",30,1,Visual/妆造与表情管理,Unknown,成韩彬
@awa_awaa,썸네일 성한빈 얼굴 미쳤다 보자마자 영상 누름,7,1,Visual/妆造与表情管理,Unknown,成韩彬
@nyomi2105,썸네일 아름답고 제베원 탑5 스춤 너무 좋아,26,1,Visual/妆造与表情管理,Unknown,None
@꺄륵-n8m,썸네일 앙나 고트하다,1,1,Visual/妆造与表情管理,Unknown,None
@rlee2bvin,썸네일부터 박수 치며 들어왔어요👏👏👏👏👏,28,1,其他,Unknown,None
@modori56,아 남자들 진짜 좋다🔝🔝🔝🔝🔝,80,1,其他,Unknown,None
@Eidbw7stwuw6dy8wgw,아 너무 좋아서 속이 울렁거려 ㅠㅠㅜㅜㅠ 노래에서 향수 냄새나..,8,1,其他,Unknown,None
@tldbs-c9e,아 진짜 개잘생겼네,11,1,Visual/妆造与表情管理,Unknown,None
@prty0814,아 진짜 너무 좋아 ❤❤ ㅜㅜㅜ,3,1,其他,Unknown,None
@bbuoing,아 진짜 좋다......,88,1,其他,Unknown,None
@tldbs-c9e,아 진짜 좋음.....,40,1,其他,Unknown,None
@Liaaa_xcq7,아고 잘해!!!!,12,1,Dance/走位与舞蹈力度,Unknown,None
@sprout4507,아니 5인조라고 걱정하던 사람들 어디갔냐구요!! 오히려 멤버들의 이전의 몰랐던 매력을 보여줘서 더 좋은 거 같아요 최고예요,229,1,其他,Unknown,None
@almond_ytb,아니 너무 좋은데... 진심 감동,48,1,其他,Unknown,None
@Soooooo-c9e,아니 처음 들었을땐 딱히 아무 생각도 없었는데 이어폰 끼고 들어서 그런지 겁나 빵빵하게 들으니까 노래 개좋음 2:00 석매튜 목소리 개좋음 화질도 좋아서 눈도 즐겁고 김지웅 목소리 개잘어울림,2,1,Vocal/高音与唱功,Unknown,石马修
@tomatoaisis,"아니매튜총각 힘을 빼고 물흐르듯이추는데도 어케그렇게라인도각도살아있니 너는진짜재능이야, , ,,",1,1,Dance/走位与舞蹈力度,Zerose,石马修
@xofochlrh,아름답다 TOP5 드가자🔝🔝🔝🔝🔝,66,1,其他,Unknown,None
@뿡뿡이여친,아사랑해,0,1,其他,Unknown,None
@tyy-aa,안무 개좋음,37,1,Dance/走位与舞蹈力度,Unknown,None
@galaxies_Ryu,안무 세련되고 감각적이에요❤,3,1,Dance/走位与舞蹈力度,Unknown,None
@Kiikiikya,앙딱정 빼고 화이팅,0,0,其他,Unknown,None
@혜진-y1f,앞으로가 더더 기대되는 조합!! 보여줄게 많을거같아서 설렘..오래보자 얘들아!!,36,1,其他,Zerose,None
@OMGG22,앞으로의 앨범도 기대하겠어~~,3,1,其他,Unknown,None
@annie_ma13,얘들아 다들 멋있다!!❤,0,1,其他,Unknown,None
@jiseonlee4589,언제봐도 지웅이 너무 잘생겼어💙,1,1,Visual/妆造与表情管理,Unknown,金地雄
@STAYSKZOO-m3l,"여러분 모두 건강하고 안전하며 행복하시기를 항상 기원합니다. 사랑하는 친구들아, 모두 사랑해. ❤",3,1,其他,Unknown,None
@STAYSKZOO-m3l,"여러분 모두 너무 멋지고 아름다워요! 모두 사랑해요, 여러분! 최고예요! 새 앨범 정말 자랑스러워요! ❤",2,1,Visual/妆造与表情管理,Unknown,None
@STAYSKZOO-m3l,"여러분, 앞으로도 최선을 다합시다. 언제나 최고가 되도록 노력합시다.",4,1,其他,Unknown,None
@Lෆve,"역대급이네🩷🩷🩷🩷🩷
지금껏 제베원 노래 중 제일 취저",4,1,其他,Unknown,None
@coco-hari,역시 본인이 잘 하는 걸 할때 가장 돋보이는 아이돌 성한빈🔝비주얼 노래 랩 춤 💯성한빈 언제나 응원한다!! 너무 잘 하고 멋있어 역시 썸네일 부터 모든게 빛이 난다 빛이 나✨,10,1,Visual/妆造与表情管理,Zerose,成韩彬
@Gyufiynist0830,역시 우리 제베원💙💙💙💙,1,1,其他,Zerose,None
@dalcom415,역시 화질 넘 좋구 멤버들 넘 멋지게 나와서 자꾸 보구싶네요❤,5,1,Visual/妆造与表情管理,Unknown,None
@qazplm573,"예전보다 오히려 퀄이 너무좋아져서 눈귀가 편안해짐.
이래서 역시 실력이 젤 중요함",63,1,Vocal/高音与唱功,Unknown,None
@타쟈-x8h,오베원 너무 아랑스러워🥹🥹🥹,1,1,Visual/妆造与表情管理,Unknown,None
@HannahJeong-i8u,오빠들 왤케 다 잘생김?? 비주얼 땜에 다 눈에 끌리는데 한빈오빠가 더 끌려 ❤❤,22,1,Visual/妆造与表情管理,Unknown,成韩彬
@tyy-aa,오오오 오오 오오오,1,0,其他,Unknown,None
@한가람-g6o,올라운더 TOP5  멋지다,5,1,其他,Unknown,None
@bm-d2n,올라운더 top5라서 가능한 컨셉 그리고 춤과 노래❤ 미친듯이 좋다 응원해♡♡♡,14,1,Dance/走位与舞蹈力度,Unknown,None
@yurrrri710,와 개까리함 개잘생김!!!!!!!!!!!!,35,1,Visual/妆造与表情管理,Unknown,None
@bemyeternity99,와 근데 진짜 이번 앨범 곡 전반적으로 잘 뽑았고 타이틀도 진짜 잘 선정한 거 같음 멤버들 의견 전부 통일된 데 이유가 있네 ㅠㅠㅠㅠ,4,1,其他,Unknown,None
@cwcwc-r2l,와 김태래,2,1,Visual/妆造与表情管理,Unknown,金泰来
@ae-n4t,와 노래 잘 뽑았다,2,1,其他,Unknown,None
@YJJ-z1o,와 미쳤다…..,20,1,其他,Unknown,None
@shnhld,와 미쳤다....성한빈은 잘생기고 재능도 넘치고 인성까지 좋아♡ 진짜 어떻게 이렇게 완벽할 수 있어?,3,1,Visual/妆造与表情管理,Unknown,成韩彬
@htsiala1036,와 성한빈 도입부 ㅁㅊ나,5,1,Visual/妆造与表情管理,Unknown,成韩彬
@ladamoiselleelue5588,와 제베원 으른섹시멋쟁이가 되써😎😎😎😎😎🔝🔝🔝🔝🔝TOP5 안무 너무 멋있다,58,1,Dance/走位与舞蹈力度,Unknown,None
@플리z,와 진짜 1일20번은 듣는듯  애네 노래전곡들어본거는 첨ㅋㅋㅋ,50,1,其他,Casual,None
@allin.Binnie,와 진짜 ㄹㅈㄷ 멋있다... 멋쟁이라는 말은 완전 찰떡 표현이네 짱 멋져! 오늘도 제대로 재입덕 (๑•̀ㅂ•́)و✧,3,1,Dance/走位与舞蹈力度,Zerose,None
@아이브-h3p,"와 하나하나 다 클로즈업
설레고
개 멋짐❤❤❤",8,1,Visual/妆造与表情管理,Unknown,None
@youth_cat,와우 제베원 미쳤다. 김지웅..ㄹㅈㄷ,0,1,Visual/妆造与表情管理,Unknown,金地雄
@Olive-b5q,"와우~~~~
박수~~~~~
보면 볼수록 멋지고 잘한다..
5명이 하니 더 집중이 잘되고 무대가 더 꽉차보이네요!!
제베원..
영원히 응원합니다 ^^❤❤❤❤❤❤❤❤❤
💙💙💙💙💙💙💙💙",6,1,Dance/走位与舞蹈力度,Zerose,None
@ffgrr0715,완벽하다❤,9,1,其他,Unknown,None
@rin-w6q4b,"요즘 케이팝 폼 미쳤따 ,, 아 재밌어",11,1,其他,Unknown,None
@건욱이내남편,우리제베원진심너무멋있어!!!진짜5섯명의매력들이다달라서이번곡더새롭게느껴져!진짜우리더높이올라가보자!사랑해♥♥,9,1,其他,Zerose,None
@mandddooooo,"우연히 노래 들었다가 너무 좋아서 옴...! 
안무까지 보니까 진쨔 좋네요
약간 보아 Spark, my name 같은 비트 때문인지 1~2세대 아이돌 느낌도 나는듯!!!!",0,1,Dance/走位与舞蹈力度,Casual,None
@제로-z9i,음방 무대들 너무 기대된다❤❤,4,1,其他,Unknown,None
@팔보-t5w,이 노래가 우리가 top5가 아니라 너의 top5 모두 좋아라매 나 진짜 너무 부끄러 노래너무좋다///,2,1,其他,Unknown,None
@한가람-g6o,이 무대 멤버 모두 헤어 가장 잘 어울려,4,1,Visual/妆造与表情管理,Unknown,None
@yeppeun_flower,이거 미첬어 미첬어 와 ...너어어어어무 멋있었잖아..눈물 난다 진짜,12,1,其他,Unknown,None
@DayDay-xt4gh,이거지,15,1,其他,Unknown,None
@0nlyyu_0320,이걸로 안무영상 따보기 렛츠끼끼,8,0,其他,Unknown,None
@rlee2bvin,이게 바로 간지지 봐라 이게 멋이다ㅠㅠ 성한빈 짱잘❤️,30,1,Visual/妆造与表情管理,Zerose,成韩彬
@mayday-j1,"이들의 리브랜딩, 발전을 생각하면 벌써 이 다음 앨범이 기대됨",8,1,其他,Unknown,None
@user-mo7qf1zo6h,이런 노래 이런 안무를 원했다고 진쨔,1,1,Dance/走位与舞蹈力度,Unknown,None
@성동구청설모,이번 노래랑 안무 미쳤음 음방도 얼른 와라,39,1,Dance/走位与舞蹈力度,Unknown,None
@NowIAmInBloom,"이번 뮤직비디오를 꼭 히트시키고 TOP 5까지 올라가 봐요 🔝5✨
화이팅, ZEROSE! 🌹",110,1,其他,Zerose,None
@jannyh2328,"이번곡 너무 좋다ㅏㅏㅏㅏㅏ
김태래는 왜 섹시하고 난리야??....",0,1,Visual/妆造与表情管理,Unknown,金泰来
@바다-m6h,"이번곡은 지금까지 나온 곡들중에서 제일 잘 뽑은거
같아요.각자 매력들이 너무 잘보여서 좋네요!",62,1,其他,Unknown,None
@hugme-om9rl,이번노래 진짜 고급져,13,1,其他,Unknown,None
@Lෆve,인수원 줄어서 더 집중 잘되고 좋네. 특히 내 픽들만 남아서 넘 좋음,65,1,其他,Zerose,None
@scssbin,입덕,186,1,其他,Casual,None
@liyu-d6s,입덕재입덕입덕재입덕,9,1,其他,Unknown,None
@woou22,작꿍즈 믹스앤맥스 나왔으면..,2,1,其他,Zerose,None
@slhsbb,작두를 타는구나 한빈,4,1,Dance/走位与舞蹈力度,Unknown,成韩彬
@좋아하는스키즈1k,잘생겼다제베원,2,1,Visual/妆造与表情管理,Unknown,None
@SuspiciousRacoon,잘생긴애들 5명 모아놓으니 안볼수가없네,48,1,Visual/妆造与表情管理,Unknown,None
@STAYSKZOO-m3l,저는 그들을 모두 사랑합니다. 그들은 최고예요. 정말 놀랍고 아름답고 창의적이에요. 여러분 모두가 너무 자랑스럽습니다. ❤,2,1,其他,Unknown,None
@OMGG22,전체적으로 다섯명이 다 잘보이는 안무 너무 좋다,33,1,Dance/走位与舞蹈力度,Unknown,None
@유병현-f2n,제로베이스원 ❤TOP5,2,0,其他,Unknown,None
@aromi-d6t,제로베이스원 💙💙💙💙💙,1,1,其他,Unknown,None
@vicbin,제로베이스원 미쳤다(p)😎🔥🔥🔥🔥🔥,12,1,其他,Unknown,None
@vicbin,제로베이스원 찢었다🔥🔝🔝🔝🔝🔝,3,1,Dance/走位与舞蹈力度,Unknown,None
@jn-gh6yh,제로베이스원&성한빈♡♡♡ TOP5 최고!!,11,1,其他,Zerose,成韩彬
@SHB4EVER._.0613,제로베이스원의 매력발산 미쳤네  TOP5 가보자구,21,1,其他,Zerose,None
@kawaiikart77,"제로베이스원이 또 한 번 스스로의 한계를 부수고 무대 위의 절대강자임을 각인시켰네요. 'TOP 5'는 단순한 타이틀곡이 아니라, 하나의 서사시이자 예술 그 자체입니다.",4,1,其他,Unknown,None
@tyy-aa,제로즈만 보기엔 아깝다 널리널리 알려야함,74,1,其他,Zerose,None
@물과나,"제베원  TOP5  멋지당 👍👍👍👍👍
TOP1 가즈야❤❤❤❤❤🎉🎉🎉🎉🎉",1,1,其他,Unknown,None
@yuri0819-y2q,제베원 개멋있어요,36,1,Dance/走位与舞蹈力度,Unknown,None
@silvercindys6632,제베원 까리한거봐 너무 멋있어ㅜㅜ 태래야 진짜 너무 멋있어 건욱이 까리해ㅜㅜ,24,1,Visual/妆造与表情管理,Unknown,金泰来
@말랑-b2i,제베원 너무 멋있잖아,58,1,其他,Unknown,None
@mini-m1f7h,제베원 사랑해 성한빈 너무 멋있다,12,1,Visual/妆造与表情管理,Zerose,成韩彬
@사람-q3m5z,제베원 사랑해💙,8,1,其他,Zerose,None
@euncong,제베원 짱이야 너무 사랑해 •• 한빈이 시작파트 너무 멋있구 지웅이 매튜 건욱이 랩 너무 너무 분위기 있구 ! 우리 태래는 어쩜 이렇게 춤 실력이 잔뜩 늘었을까 🥹 기특해 🫳🏻🫳🏻 음색두 최고야 !! 얘들아 사랑해 내가 마니 응원할게 🫶🏻,3,1,其他,Zerose,None
@h_bini613,제베원또입덕함,25,1,其他,Casual,None
@아무도아님-o9p,존나 이 다섯명이 나의 TOP5세요. 🔝드가드가,73,1,其他,Zerose,None
@미옹이-f6n,좋다,8,1,其他,Unknown,None
@seeeeellva,지옹,0,0,其他,Unknown,金地雄
@RebeccaPark-gu9vw,직캠 주세요,0,0,其他,Unknown,None
@vicbin,진짜 Top 5는 퍼포먼스명작이야🔥😎,11,1,Dance/走位与舞蹈力度,Unknown,None
@ganadi00,진짜 개잘한다,15,1,Dance/走位与舞蹈力度,Unknown,None
@성한빛나소중해,진짜 눈부셔서 혼쭐남!! 제베원 사랑해ㅠㅠ❤스춤사랑해❤,26,1,Visual/妆造与表情管理,Zerose,None
@tutuchuruchuru,진짜 라이팅까지 완벽한 퍼포먼스,5,1,Dance/走位与舞蹈力度,Unknown,None
@ThereIsNoWaste,"진짜 멋지다! 노래도 좋고, 분위기가 뭔가 아련하게 그리운 듯한 그런 느낌을 일으키는..🪻",1,1,其他,Unknown,None
@vicbin,진짜 멤버 하나하나 특징과 장점이 잘보여 같은 파트도 자신만의 스타일로 소화하는 거 프로답다❤,14,1,Visual/妆造与表情管理,Unknown,None
@동동-k9c,진짜 춤도 노래도 스타일링도 너무 좋아,36,1,Visual/妆造与表情管理,Unknown,None
@Annnsijke,진ㅋ자 멋지다.. 얼마나 노력했을지 너무 잘 보였어!!!,9,1,Dance/走位与舞蹈力度,Unknown,None
@김미숙-b1n2z,"춤
존잘 오늘 입덕❤❤❤",10,1,Visual/妆造与表情管理,Casual,None
@2OO2O7l4,"컴백할 때마다 뮤비만큼이나 기대되는 게 스춤이에요…♡
다섯 명의 매력이 정말 잘 느껴져서 좋아요；；♡♡♡

제로베이스원을 지켜준 멋쟁이들에게 큰 결과를 선물해 주자ㅏㅏ!!!",7,1,Visual/妆造与表情管理,Zerose,None
@Iuyt-o8q,"타팬인데 예전에 엔싱크 느낌도 나고
뭔가 엄청 심플 세련되어 보임 (엄지척)",118,1,Visual/妆造与表情管理,Casual,None
@bbii777,태래 더 잘생겨졌네 ㄷㄷ,0,1,Visual/妆造与表情管理,Unknown,金泰来
@win92816,"태래 진짜 멋있다, 어떡해? 
이 컨셉 짱~ 태래 파트 중독해 😍🫠💙💙",0,1,Vocal/高音与唱功,Unknown,金泰来
@Lෆve,태래는 칭찬감옥 종신형,1,1,Vocal/高音与唱功,Zerose,金泰来
@sakura2zeros21,태래님 음색이 너무 좋아요! 곡도 지금까지 곡들중에 최고인것 같아요. 앤더블 신곡도 들었는데 역시 태래님 음색이 좀더 취향이네요.,2,1,Vocal/高音与唱功,Unknown,金泰来
@oingddonig,트로피 돌아가는 안무 왜케좋음,1,1,Dance/走位与舞蹈力度,Unknown,None
@SNOWATERIVER,파트별 카메라 앵글이며 조명까지 완벽한 영상! 안무도 잘 보이네요 👍🏻 👍🏻 우리 다섯 멋쟁이들 잘 담아주셔서 감사합니당💓,7,1,Dance/走位与舞蹈力度,Zerose,None
@예언잘오,팬 아닌데도 영상보고 꺅 오빠아아아아앙ㄱ 하고 절규하게 됨... 아니 이팀에 오빠도 없는데 하....,19,1,Dance/走位与舞蹈力度,Casual,None
@lwtxdfshsshsos,하루종일 이노래만  든는중. 이게 행복이다..,6,1,其他,Unknown,None
@channelmyeong,하이고 응원합니다,1,1,其他,Unknown,None
@yurrrri710,한 명 한 명 너무 잘 보이고 밸런스 짱좋음! 노래 너무 세련되고 안무 멋지고 그냥 미쳤다,531,1,Dance/走位与舞蹈力度,Unknown,None
@이자경-v6l,한빈 ❤,9,1,Visual/妆造与表情管理,Unknown,成韩彬
@ffgrr0715,한빈❤,4,1,Visual/妆造与表情管理,Unknown,成韩彬
@나현정-u3x,한빈사랑해요♥♥♥♥♥♥♥♥♥♥♥♥♥♥♥♥♥♥♥♥♥♥♥♥♥♥♥♥♥♥♥♥♥♥♥♥♥♥♥♥♥♥♥♥♥♥♥♥♥♥♥♥♥♥♥♥♥♥♥♥♥♥♥♥♥♥♥♥♥♥♥♥♥♥♥♥♥♥♥♥♥♥♥♥♥♥♥♥♥♥♥♥♥♥♥♥♥♥♥♥♥♥♥♥♥♥♥♥♥♥♥♥♥♥♥♥♥♥♥♥♥♥♥♥♥♥♥♥♥♥♥♥♥♥♥♥♥♥♥♥,5,1,其他,Unknown,成韩彬
@아이브-h3p,"한빈아
오늘 엠넷 무대 미치게 멋있었어
추움❤❤❤❤❤❤❤❤",3,1,Dance/走位与舞蹈力度,Zerose,成韩彬
@연주니포에벙,한빈아 그 표정 사람 꼬시는 표정 반칙이다 아 진짜 저렇게 잘생긴사람이 있음???,15,1,Visual/妆造与表情管理,Unknown,成韩彬
@기윤-w1x,한빈아~ 눈빛  찢었다,8,1,Visual/妆造与表情管理,Zerose,成韩彬
@Greater_3,한빈이 스타일  너무 촣아❤,2,1,Visual/妆造与表情管理,Unknown,成韩彬
@얌얌-o2u,한빈이 이날 헤메코 너무 좋다 ❤,25,1,Visual/妆造与表情管理,Unknown,成韩彬
@M_제니,한빈이 헤메코 너무 예쁨🫶🏼💕,24,1,Visual/妆造与表情管理,Unknown,成韩彬
@hkk4388,화이팅~!!!!!!,1,1,其他,Unknown,None
@dreamairi3602,あかん、ハンビンさん覚醒しとる😊,5,1,Visual/妆造与表情管理,Unknown,成韩彬
@ちょこ-q3c,ありがとう,2,0,其他,Unknown,None
@n____natsumi.0415,"いやーー歌も良いのにダンスも良いのか
最高じゃんほんと",1,1,Dance/走位与舞蹈力度,Casual,None
@anu-s9m2p,かっこいい〜💓,3,1,Visual/妆造与表情管理,Unknown,None
@rosemoon202,かっこいい🖤🖤少年から大人にアップデートされた感じがする！5人の魅力が最大限でてて最高🖤🖤🖤,11,1,Visual/妆造与表情管理,Unknown,None
@杉本百太郎,かっこいいZB1💙,2,1,Visual/妆造与表情管理,Unknown,None
@ookinaokuti5,かっこいいいいい！！,1,1,其他,Unknown,None
@hirorinmikan5909,かっこよすぎ、、！,2,1,Visual/妆造与表情管理,Unknown,None
@まり-m2v,かっこよすぎて訳わからんくなる。,1,1,Visual/妆造与表情管理,Unknown,None
@みかづき之助,かっこよすぎる！！ゼベワン大好き！！！！,1,1,Visual/妆造与表情管理,Zerose,None
@yunapapu630,ゴヌクのダンスが本当に好きすぎる,1,1,Dance/走位与舞蹈力度,Unknown,朴乾煜
@みりん-j3w,ゴヌクはその表情最近本当にお気に入りみたいだね😂,0,1,Visual/妆造与表情管理,Casual,朴乾煜
@raku6521,サムネのハンビン見たことないヘアメで素通りするとこでした❤かっこいい❤,9,1,Visual/妆造与表情管理,Unknown,成韩彬
@Kirarin_777,"サムネの破壊力やばい
かっこよすぎる😭💙",9,1,Visual/妆造与表情管理,Unknown,None
@masful6,ジウンにすごくよく似合う曲❤,4,1,其他,Unknown,金地雄
@nekomomo-fm1ed,シンプルなステージのぶん一人ひとりの輝がましてみえます,1,1,Visual/妆造与表情管理,Unknown,None
@もんとあ,シンプルな背景だからこそ、よりダンスが映えてるしメンバーの美貌も際立ってて素敵〜,10,1,Dance/走位与舞蹈力度,Unknown,None
@まり-m2v,すごいマニアックやけど1:16のメテュのダンス低くなるところめちゃくちゃ好き。あと、1:00のとこは本当にウェ－ブがキレイすぎて色気やばい。,0,1,Dance/走位与舞蹈力度,Unknown,石马修
@美しくきれいな桜,ずっと繰り返し見たいです,1,1,其他,Unknown,None
@mochiko-m9d,ゼベワンだいすきすぎてだいすき本当に最高だいすきありがとう,2,1,其他,Zerose,None
@mlxcrq,ゼベワン大好き,5,1,其他,Unknown,None
@matthew_seokryu,ソクマシュー❤❤❤,2,1,Visual/妆造与表情管理,Unknown,石马修
@momo-nj7mo,ダンスえぐいそろってるしかっこよすぎる、、、,2,1,Dance/走位与舞蹈力度,Unknown,None
@kumi_shb0613,ダンスも歌もビジュもすべてが最高すぎる…,7,1,其他,Unknown,None
@user-hl4zx2cu5s,"てれてれだけインナーの腕が長いの解釈一致すぎてありがたい😭
てれてれだいすき😭😭😭",0,1,Visual/妆造与表情管理,Zerose,金泰来
@jaemi777,"テレマジですごい。歌上手いって最近のkpopではレアになってきてるよね。
15年間kpop見てきて色々ほんと変わったと思う。",2,1,Vocal/高音与唱功,Casual,None
@うたおきば-c2t,どうしよう最高最高最高最高最高最高最高,0,1,其他,Unknown,None
@pinna0110,パフォーマンスの全てがキリングパート,12,1,Dance/走位与舞蹈力度,Unknown,None
@ほてい,ハンビン、最後あんなにかわいいなんて😍好き,5,1,Visual/妆造与表情管理,Unknown,成韩彬
@みきみき-b5f,ハンビン♡よすぎるかっこよすぎる大好きーーーー！！,31,1,Visual/妆造与表情管理,Zerose,成韩彬
@naaaacha,ハンビンのこのビジュアル大優勝すぎる,58,1,Visual/妆造与表情管理,Unknown,成韩彬
@桜もち-x5k,ハンビンのスタイリング好きすぎる,13,1,Visual/妆造与表情管理,Unknown,成韩彬
@channelkaeru,ハンビンめろすぎる( ºﾛº),6,1,Visual/妆造与表情管理,Unknown,成韩彬
@Ran_n_n,ハンビン大好き！かっこいい！ゼベワン大好き！,17,1,Visual/妆造与表情管理,Zerose,成韩彬
@みきみき-b5f,ハンビン良すぎて叫んだよ♡,15,1,Visual/妆造与表情管理,Unknown,成韩彬
@yunapapu630,ビジュアル天才,0,1,Visual/妆造与表情管理,Unknown,None
@sor2484,ふううかっこよすぎる。,3,1,Dance/走位与舞蹈力度,Unknown,None
@よたん-l1l,ほんまにTOP5神　ステージカッコ良すぎる,1,1,Dance/走位与舞蹈力度,Unknown,None
@reimatthew1122,ましゅー！！！,2,1,其他,Unknown,石马修
@reimatthew1122,ましゅーお誕生日おめでとう！！！,6,1,其他,Zerose,石马修
@Tadano-,マシューどこまでカッコよくなるつもりなの……😢🤍,1,1,Visual/妆造与表情管理,Unknown,石马修
@frjp23,"まじ何もかもおしゃれ
曲、スタイリング、振り付け
特にジウンさんの大移動大好き",2,1,Visual/妆造与表情管理,Unknown,金地雄
@Kawa-s7c,みんなかっこよすぎる！！！！！,2,1,Visual/妆造与表情管理,Unknown,None
@美しくきれいな桜,みんなのビジュアルがすごいね,1,1,Visual/妆造与表情管理,Unknown,None
@user-no1uo6nm6h,中毒性あって一生聴いてる,15,1,其他,Unknown,None
@マツコ-p4x,中毒性があってどハマリ。サビのテレの声がドンピシャ過ぎて心地いい！,2,1,Vocal/高音与唱功,Casual,金泰来
@rinanoshi,五個人一起脫外套我要先看誰😻😻大家都超棒我們ZB1一定會繼續光彩耀人的💖💖,1,1,Visual/妆造与表情管理,Zerose,None
@まこと-e1e2n,"何回聴いても飽きないな
恐ろしいTOP5",10,1,其他,Unknown,None
@user-gy6jk5bp9m,何度見ても飽きない,0,1,其他,Unknown,None
@최보민-k5r,信じられない,2,1,其他,Unknown,None
@ちょことるたー,全員がちゃんとした見せ場を持ってるのがいい,1,1,其他,Unknown,None
@糸草,全員スタイリング優勝。どうしたWK１,0,1,Visual/妆造与表情管理,Unknown,None
@ちょことるたー,全員全瞬間もれなくかっこよくて、映画館で1日中これを眺めていたいレベル,1,1,Visual/妆造与表情管理,Unknown,None
@mattbin_Ami,可愛いのにかっこいい,2,1,Visual/妆造与表情管理,Unknown,None
@黒髪黒髪,大好きです。,1,1,其他,Unknown,None
@ウンパッパ-zb1,天才ですか？,5,1,其他,Unknown,None
@jiangJiang-lo9qt,成韩彬你太帅了,3,1,Visual/妆造与表情管理,Unknown,成韩彬
@リスペクト-e1r,最初五人並んだ瞬間思わず息を呑んだ。 ZEROBASEONEがかっこよすぎる...,259,1,Visual/妆造与表情管理,Unknown,None
@ゴヌク大好き,最高にかっこいいよ〜！大好き,4,1,Visual/妆造与表情管理,Unknown,None
@月葉山,"最高ょ
ありがとうございます",1,1,其他,Unknown,None
@美しくきれいな桜,本当にすべてが完璧です,0,1,其他,Unknown,None
@rfimbf,本当に振り付けがよいな、、、,1,1,Dance/走位与舞蹈力度,Unknown,None
@ぴちゃんだよお,本当に良過ぎる。・°°・(＞_＜)・°°・。,0,1,其他,Unknown,None
@ねおん-j5d,楽曲もコレオもスタイリング天才、、なにより本人たちが大天才、、,1,1,Visual/妆造与表情管理,Unknown,None
@ちょことるたー,目が幸せ,1,1,Visual/妆造与表情管理,Unknown,None
@ちょことるたー,細部まで素晴らしいからなるべく大きい画面で見るべき動画,1,1,Visual/妆造与表情管理,Unknown,None
@sabanomisonichan,良すぎて何回も見ちゃう,6,1,其他,Unknown,None
@suma-knp,誰がセンターに来ても圧倒的な存在感！私のTOP5♡,1,1,Visual/妆造与表情管理,Unknown,None
@yujinlyx,超級帥…,0,1,Visual/妆造与表情管理,Unknown,None
@qiqibaby-r3t,韩彬的导入太迷人了❤舞蹈也跳的很好看，不愧是我的主舞大人，脸也这么帅❤,24,1,Visual/妆造与表情管理,Zerose,成韩彬
@kyung5z,"🥹🥹 i'm so proud of them, i can't even put it into words",2,1,其他,Zerose,None
@타마-520,🫶🍀행복하자〜♪,3,1,其他,Unknown,None
