authorDisplayName,textDisplay,likeCount,publishedAt
@ferwoodz,"I am so proud of them for being so strong and brave. I bet it was scary for them to keep promoting as five, but even after all the grieving and thoughts they stood their ground to keep carrying this name with love. They’re so talented and this song is a HIT.",2199,2026-05-20 13:11:11 UTC
@ferwoodz,"I love the fact that all 5 members have a chance to sing the chorus in their own mesmerizing way, this is peak boy group excellence.",1020,2026-05-20 19:11:48 UTC
@thenop1989,"My Top 5 are Hanbin, Jiwoong, Matthew, Taerae, Gunwook🎉🎉 they look so cool",1098,2026-05-20 13:03:10 UTC
@ameliaesthetic82,hanbin’s eyes deserve their own fandom atp,354,2026-05-21 04:34:46 UTC
@ameliaesthetic82,hanbin's gaze is actually insane i can’t breathe,189,2026-05-21 04:34:40 UTC
@아아-r9c3m,근데 진짜 구라가 아니라 노래가 들어도 들어도 안 질림,482,2026-05-20 15:34:10 UTC
@jebesrae,I really want to thank the choreographers for the creating the dance in such a way that all the members have killing parts and stand out so clearly but do not overshadow each other. It's such a cool and aesthetic choreo,1108,2026-05-20 14:06:55 UTC
@yurrrri710,한 명 한 명 너무 잘 보이고 밸런스 짱좋음! 노래 너무 세련되고 안무 멋지고 그냥 미쳤다,531,2026-05-20 13:13:37 UTC
@코리_Corry,셜록 보고 감탄하고 있었다니 알고리즘이 이 영상 추천해줌,158,2026-05-22 14:36:27 UTC
@qazplm573,"예전보다 오히려 퀄이 너무좋아져서 눈귀가 편안해짐.
이래서 역시 실력이 젤 중요함",63,2026-05-21 22:45:57 UTC
@Leo-n7w8v,2:44 hanbin so handsome and cute,83,2026-05-20 14:04:35 UTC
@sprout4507,아니 5인조라고 걱정하던 사람들 어디갔냐구요!! 오히려 멤버들의 이전의 몰랐던 매력을 보여줘서 더 좋은 거 같아요 최고예요,229,2026-05-20 14:30:05 UTC
@scssbin,입덕,186,2026-05-20 13:02:26 UTC
@crystalli8948,My baby Hanbin!!❤,73,2026-05-20 20:42:56 UTC
@Syomigongjunim,"모든 음악방송이
이렇게 카메라 잡아줬으면 좋겠음 ㅜㅜ",57,2026-05-24 01:54:53 UTC
@yurrrri710,노래가 어쩜 이렇지? 2세대 느낌이 나면서도 또 너무 세련됐어 비트도 미쳤고 안무랑 개멋짐,135,2026-05-20 13:54:54 UTC
@얌얌-o2u,5명이 한명한명 너무 잘보이고 잘어울림,78,2026-05-20 13:08:47 UTC
@YoutubeHandle5,Hanbin’s dance move!,93,2026-05-20 14:46:01 UTC
@sunflower-6131,TOP5 노래 너무 좋은데 더 많은 사람들이 봐주면 좋겠다,55,2026-05-20 23:28:00 UTC
@SuspiciousRacoon,잘생긴애들 5명 모아놓으니 안볼수가없네,48,2026-05-22 15:13:13 UTC
@リスペクト-e1r,最初五人並んだ瞬間思わず息を呑んだ。 ZEROBASEONEがかっこよすぎる...,259,2026-05-20 13:03:17 UTC
@zerobaseoneforeversoulmates,HANBIN IS SO GORGEOUS,60,2026-05-20 14:28:58 UTC
@sevennrain,SUNG HANBIN,79,2026-05-20 13:32:30 UTC
@플리z,와 진짜 1일20번은 듣는듯  애네 노래전곡들어본거는 첨ㅋㅋㅋ,50,2026-05-25 03:59:49 UTC
@Iuyt-o8q,"타팬인데 예전에 엔싱크 느낌도 나고
뭔가 엄청 심플 세련되어 보임 (엄지척)",118,2026-05-22 02:34:50 UTC
@滴答啊,hanbin is so handsome.he dances best,67,2026-05-20 14:35:21 UTC
@나니나닝-h7w,성한빈 잘생김❤,43,2026-05-20 13:31:24 UTC
@아무도아님-o9p,너무잘해 너무 잘한다는 말 말고는 생각이안남 그냥 너무 잘해서 ㅜ,90,2026-05-20 13:10:13 UTC
@바다-m6h,"이번곡은 지금까지 나온 곡들중에서 제일 잘 뽑은거
같아요.각자 매력들이 너무 잘보여서 좋네요!",62,2026-05-21 01:06:47 UTC
@satriaba1346,Hanbin's hair style 😍 love it,40,2026-05-21 03:56:12 UTC
@modori56,아 남자들 진짜 좋다🔝🔝🔝🔝🔝,80,2026-05-20 13:04:27 UTC
@eithwethwemg7017,Sung han bin so handsome😍😍😍😍😍,60,2026-05-20 13:43:55 UTC
@bunnykookie8359,Sung Hanbin thumbnail 🔥,44,2026-05-20 15:27:11 UTC
@혜진-y1f,앞으로가 더더 기대되는 조합!! 보여줄게 많을거같아서 설렘..오래보자 얘들아!!,36,2026-05-22 09:07:48 UTC
@fulove-s2k,성한빈 썸넬보고 안 들어올 수 가 없음,10,2026-05-21 14:39:05 UTC
@na-ming_,미모에 퍼포먼스에 스타일링까지 미쳤다 진짜 나 뮤비랑 컴백 프리미어에 갇혀 살았는데 스춤까지 추가해야해,96,2026-05-20 13:10:01 UTC
@zebewonforever,"Top 5 cool guys Sung Hanbin, Kim Jiwoong, Kim Taerae, Seok Matthew, Park Gunwook",170,2026-05-20 13:21:32 UTC
@stasiahere,SUNG HANBINNNN,50,2026-05-20 14:10:54 UTC
@kyulforbin,Sung hanbin intro is masterpiece ✨✨✨,23,2026-05-22 06:35:11 UTC
@khansaqonita7714,다시 입덕 계속 입덕중,16,2026-05-20 18:20:05 UTC
@xofochlrh,아름답다 TOP5 드가자🔝🔝🔝🔝🔝,66,2026-05-20 13:02:41 UTC
@barrameeing9683,Hanbin so cute❤,54,2026-05-20 13:41:48 UTC
@NowIAmInBloom,"이번 뮤직비디오를 꼭 히트시키고 TOP 5까지 올라가 봐요 🔝5✨
화이팅, ZEROSE! 🌹",110,2026-05-20 13:11:12 UTC
@예언잘오,팬 아닌데도 영상보고 꺅 오빠아아아아앙ㄱ 하고 절규하게 됨... 아니 이팀에 오빠도 없는데 하....,19,2026-05-26 16:28:04 UTC
@sheinalagumbay8946,Hanbin’s little walk in the endddd waaah so cute,31,2026-05-20 22:35:57 UTC
@Eunice_Ea,". .YEAH, SUNG HANBIN IS THE THUMBMAIL👏👏👏👏. .",81,2026-05-20 14:53:51 UTC
@오리몬-i3n,개머싣다진짜 노래가짧고 미니멀한데도 꽉차고 풍성하게느껴짐,73,2026-05-20 17:07:23 UTC
@아무도아님-o9p,존나 이 다섯명이 나의 TOP5세요. 🔝드가드가,73,2026-05-20 13:06:02 UTC
@mally.f,wow hanbin is so handsome...,20,2026-05-23 05:33:20 UTC
@YijingLi-j2d,Hanbin's dance move!,67,2026-05-20 18:00:44 UTC
@ara21095,HANBIN SO HANDSOME 🐹 🩵,55,2026-05-20 14:42:56 UTC
@almond_ytb,아니 너무 좋은데... 진심 감동,48,2026-05-20 13:06:13 UTC
@childgiraffe,"9명에서 5명이 됐는데도 댄서 없이 이렇게 무대를 꽉 채우는 게 진짜 멋짐
서바이벌 출신답게 5명 다 실력있다는 게 느껴져서 진짜 너무 멋짐!!🥹👍💙",72,2026-05-20 14:06:08 UTC
@alexsshu,"this is what a perfect comeback looks like. perfect song, vibe, perfect styling, perfect choreography, perfect performance and perfect zb1. watching them perform this is so satisfying...
also wanna give a big BIG hug to the stylists because they ate this era",53,2026-05-20 18:15:18 UTC
@awa_awaa,썸네일 성한빈 얼굴 미쳤다 보자마자 영상 누름,7,2026-05-21 09:35:20 UTC
@tyy-aa,제로즈만 보기엔 아깝다 널리널리 알려야함,74,2026-05-20 13:10:54 UTC
@Pinkgirlll-d3t,Wow hanbin is so handsome 😍,649,2026-05-20 13:01:47 UTC
@溫翠翠,DANCING KING SUNG HAN BIN,34,2026-05-20 14:13:48 UTC
@Lෆve,인수원 줄어서 더 집중 잘되고 좋네. 특히 내 픽들만 남아서 넘 좋음,65,2026-05-21 12:47:53 UTC
@말랑-b2i,성한빈 계속 봐,9,2026-05-23 10:47:19 UTC
@bbuoing,아 진짜 좋다......,88,2026-05-20 13:06:37 UTC
@이끼-o8u,1:28 연출 미쳣네,21,2026-05-20 13:18:35 UTC
@h_bini613,제베원또입덕함,25,2026-05-20 15:41:51 UTC
@한가람-g6o,SUNG HANBIN SO COOL~~~,23,2026-05-22 04:43:02 UTC
@JangmiCherry,"I was worried that their performance would look and feel empty after being 5 but seeing this, listening to the whole album, and seeing their balance? A fact that ZB1 will be always that Gen5 leaders, NO DOUBT!",40,2026-05-21 13:54:17 UTC
@yeppeun_flower,HANBIN'S FACE EXPRESSION IS SOOOOO GOOODDD,82,2026-05-20 15:06:17 UTC
@bininimocha,SUNG HANBIN UR SO COOL,50,2026-05-20 14:41:20 UTC
@あちゃちゃ-k9r,1:00 미쳤어 김태래ㅠㅠㅠㅜㅜㅜㅜㅜ드디어 해놨다ㅠㅠㅠㅠㅠㅜ,20,2026-05-20 13:31:16 UTC
@mini-m1f7h,제베원 사랑해 성한빈 너무 멋있다,12,2026-05-20 22:55:29 UTC
@BBsesq_flq,성한빈 사랑해..ㅠㅠ,13,2026-05-21 02:58:45 UTC
@NowIAmInBloom,0:06 honestly HANBIN has a very good facial expression and dance language with perfect balance....incredible dancer.,201,2026-05-20 13:26:28 UTC
@ladamoiselleelue5588,와 제베원 으른섹시멋쟁이가 되써😎😎😎😎😎🔝🔝🔝🔝🔝TOP5 안무 너무 멋있다,58,2026-05-20 13:24:20 UTC
@RaniKumari-zg9cj,ZB1 is literally the group full of visuals.... it's so hard to decide the visual of the gp... everyone is shining in their own way.. with their own charms😭,193,2026-05-20 14:59:38 UTC
@SHB4EVER._.0613,제로베이스원의 매력발산 미쳤네  TOP5 가보자구,21,2026-05-23 06:13:28 UTC
@jin-hj,TOP5는 노래도 노래지만 퍼포가 쏘~깔끔하고 까리해서 좋음,15,2026-06-07 10:32:57 UTC
@성동구청설모,이번 노래랑 안무 미쳤음 음방도 얼른 와라,39,2026-05-20 16:45:38 UTC
@NowIAmInBloom,0:05 HANBIN thumbnail is just devastating with those sharp eyes....,205,2026-05-20 13:10:58 UTC
@muffei,HANBIN IS INSANE OMGG 😵😵,26,2026-05-20 14:48:00 UTC
@crystalli8948,Hanbin❤❤❤,17,2026-05-20 20:42:37 UTC
@hugme-om9rl,이번노래 진짜 고급져,13,2026-05-22 03:39:55 UTC
@zerose_allin,Cool guy sung hanbin ❤,34,2026-05-20 14:45:26 UTC
@yuri0819-y2q,제베원 개멋있어요,36,2026-05-20 13:10:51 UTC
@yididi23,SUNG HANBIN!!!,35,2026-05-20 14:22:58 UTC
@uknow_hanbin,"멤버들 골고루 보컬, 음색, 댄스 잘하는거 잘보여서 너무 좋다 ❤",15,2026-05-20 22:41:34 UTC
@littlepony704,Hanbin is so fine.,12,2026-05-22 13:40:46 UTC
@웅fatdh,미쳣닾,74,2026-05-20 13:01:54 UTC
@liavcal,Sung hanbinnnnn,28,2026-05-20 13:40:08 UTC
@yem4540,멋짐이 폭발한다,41,2026-05-20 13:23:13 UTC
@ganadi00,진짜 개잘한다,15,2026-05-22 10:56:30 UTC
@3xyllr,성한빈 짱이다,11,2026-05-21 13:51:35 UTC
@bheunsyung,미쳤다... 너무 짧아서 또 보게 됨,121,2026-05-20 13:11:11 UTC
@yurrrri710,와 개까리함 개잘생김!!!!!!!!!!!!,35,2026-05-20 13:12:21 UTC
@zjxxxxx-97,Whoever made this choreo deserves all the respect in the world... the members are literally born for this and they look INCREDIBLY GOOD,59,2026-05-20 17:06:31 UTC
@jinret_de_hyunjin-u0325,"Top 5 is such a banger
The visuals 
The vocals 
The lyrics 
Everything is on Top",20,2026-05-20 18:04:42 UTC
@断捨離おんな,９人の頃のゼべワンはあまり気に留めてなかったのですが、おすすめに出てきた５人のこの曲を聴いて、映像を拝見してものすごく素敵だなって思いました。若さだけでなく大人の心を揺さぶる複雑な色気を感じます。ハンビンくんの特別感漂う色気、そして特に、テレ君の心地よく軽やかに吹くそよ風の様な色気のある歌声に初めて彼の良さを感じました。９人から５人になって今までとは違う数字による人気の差を感じるかもしれませんが、新規の私の様な今までのゼべワンをあまり知らない層を獲得していける気がしました。もうすでに彼らは頑張っていると思いますが、なんとなくエールを送りたくなる魅力をすごく感じます。,26,2026-05-21 01:34:03 UTC
@동동-k9c,진짜 춤도 노래도 스타일링도 너무 좋아,36,2026-05-20 13:12:47 UTC
@tin-l2j5q,성한빈 개잘생겼네 미친 헤메코 잘어울려,76,2026-05-20 13:15:42 UTC
@silvercindys6632,제베원 까리한거봐 너무 멋있어ㅜㅜ 태래야 진짜 너무 멋있어 건욱이 까리해ㅜㅜ,24,2026-05-20 13:10:55 UTC
@forocca0925,"Love, Love, Love SUNG HANdsome BIN's hair here❣😍🫶🥰",16,2026-05-20 18:31:33 UTC
@bm-d2n,올라운더 top5라서 가능한 컨셉 그리고 춤과 노래❤ 미친듯이 좋다 응원해♡♡♡,14,2026-05-21 14:27:17 UTC
@HannahJeong-i8u,오빠들 왤케 다 잘생김?? 비주얼 땜에 다 눈에 끌리는데 한빈오빠가 더 끌려 ❤❤,22,2026-05-20 16:07:03 UTC
@fizzairum07,SUNG HANBIN IS SO FREAKING CRAZY... LIKE STOP😭,28,2026-05-20 15:54:21 UTC
@krisanthemum5898,Sung Hanbin is extra fine with this type of hairstyle!!! We need more of this!! 🥺😍,95,2026-05-20 13:18:06 UTC
@Betweenmarsandjupiter,"ZB1 DONT BE SCARED, YOURE LITERALLY BRINGING IN SO MANY NEW FANS 👏🏻👏🏻",10,2026-05-20 18:34:34 UTC
@하오빈,멋있다 노래랑 안무 너무 좋아,16,2026-05-20 21:52:35 UTC
@tldbs-c9e,아 진짜 좋음.....,40,2026-05-20 13:07:27 UTC
@RaniKumari-zg9cj,So you can see why zb1 is known as VISUALBASEONE 😭...,11,2026-05-20 15:13:22 UTC
@tyy-aa,안무 개좋음,37,2026-05-20 13:09:53 UTC
@sinur7606,Stanning them again this line up goated actually😊❤,27,2026-05-20 18:07:32 UTC
@soff-y8j,Sung hanbin is so handsome....,8,2026-05-22 06:46:27 UTC
@ran-v2v,SUNG HANBINNN,22,2026-05-20 14:29:49 UTC
@cotton_is_me,까리하다,34,2026-05-20 13:05:44 UTC
@RaniKumari-zg9cj,The visuals...The SYNCHRONISATION... The clothing... The hair & makeup...and the facial expressions.. everything is just perfect 🤌😭... standard is alive 😭..,49,2026-05-20 15:16:47 UTC
@rin-w6q4b,"요즘 케이팝 폼 미쳤따 ,, 아 재밌어",11,2026-05-23 16:19:59 UTC
@sofiax9745,forever obsessed with seok matthew,10,2026-05-29 03:53:14 UTC
@HbMtLove,Hanbin why are you so fine?,13,2026-05-20 13:30:09 UTC
@yeppeun_flower,이거 미첬어 미첬어 와 ...너어어어어무 멋있었잖아..눈물 난다 진짜,12,2026-05-20 14:59:33 UTC
@hjinju48,무대 진짜 잼있네.. 음방 기대된다..두근두근💞,28,2026-05-20 13:25:01 UTC
@JINI-쏘,노래 미쳤어 미치겠음,12,2026-05-22 06:54:04 UTC
@ffgrr0715,반했다,13,2026-05-22 03:16:23 UTC
@성한빛나소중해,진짜 눈부셔서 혼쭐남!! 제베원 사랑해ㅠㅠ❤스춤사랑해❤,26,2026-05-20 13:07:05 UTC
@hanyujin-w7p,HANBIN INSANEE,12,2026-05-20 13:37:14 UTC
@naaaacha,ハンビンのこのビジュアル大優勝すぎる,58,2026-05-20 14:04:48 UTC
@BloomBright-j9t,Hanbin is handsome,14,2026-06-08 18:08:10 UTC
@Emmy-jv2zp,"""ZB1's dancing skills are out of this world, and the choreography is top-tier!""",5,2026-05-25 18:15:50 UTC
@kiko247-y9u,Matthew ❤ I can't take my eyes off him 📖,15,2026-05-20 13:41:41 UTC
@AYIHS,"Matthew is so addictive
I can't look away😭

Honestly they all killed it",54,2026-05-20 14:11:25 UTC
@AnhNgoc-j7z8c,Hanbin,22,2026-05-20 13:26:22 UTC
@user-no1uo6nm6h,中毒性あって一生聴いてる,15,2026-05-25 06:40:25 UTC
@한가람-g6o,TOP5👍 5명이 꽉 채워주는 에너지 넘넘 좋다💙💙💙💙💙,14,2026-06-04 23:47:27 UTC
@peach-h1j,5명의 제로베이스원 사랑하는 사람 손!!!!!!!!❤❤,8,2026-05-20 13:14:19 UTC
@moa_plli99,0:52 THIS LEGENDARY TAERAE PART🫶🫶🫶,12,2026-05-20 15:05:16 UTC
@myuntcha150,Soek mattiew and Kim jinwoong are really perfect with this style of music 😂😂😂😂,44,2026-05-20 14:15:26 UTC
@Evaxxk,"Bro this is a HOLY REBRAND. TBH this is what i always wanted ZB1 to do. The concept, the song, the outfits and the clean visuals are IMACCULATE.  I guess it's one of their best releases EVER. 🤯🤯🤯",15,2026-05-22 22:27:52 UTC
@もんとあ,シンプルな背景だからこそ、よりダンスが映えてるしメンバーの美貌も際立ってて素敵〜,10,2026-05-20 21:01:52 UTC
@iplaboyou,2:41 this should be placed at the end HAHAHA,53,2026-05-20 13:21:14 UTC
@뭉개구름_dy,"벌써 끝나 왜.. 더 달란말ㅇㅑ,,",16,2026-05-20 14:12:14 UTC
@RFyijj,"Hanbin so sickkkkkk,too hot my boyyyyy🥵🥵🥵🥵",12,2026-05-20 13:25:36 UTC
@말랑-b2i,스춤 미쳤다 너무 좋아,12,2026-05-23 03:50:06 UTC
@Choosebee,SUNG HANBIN FACE CARD DANG,6,2026-05-21 14:01:00 UTC
@fuuyoutube01,2:18 The way the choreography hits the beat perfectly here is so satisfying！,25,2026-05-20 13:24:15 UTC
@wonderful0208,성한빈 미쳤다 진짜 미쳤음 😭,25,2026-05-20 15:10:55 UTC
@hy3973,TOP5 세련되고 합이 잘맞아 제베원 멋지다 넘 뿌듯하네 사랑해~~^^,23,2026-05-20 14:16:56 UTC
@mayday-j1,"이들의 리브랜딩, 발전을 생각하면 벌써 이 다음 앨범이 기대됨",8,2026-05-26 09:45:04 UTC
@Betweenmarsandjupiter,This is K-pop rebrand of the century! I don’t know how they did it so perfectly!,10,2026-05-22 14:44:41 UTC
@hongkynam,Sung Hanbin 😍✨,20,2026-05-20 15:16:37 UTC
@tldbs-c9e,아 진짜 개잘생겼네,11,2026-05-20 13:06:33 UTC
@별아-g1i,미쳣나봐,23,2026-05-20 13:05:40 UTC
@mr.jungjaehyuncansteponme,bro Hanbin has been looking extra fine lately,4,2026-05-21 18:11:26 UTC
@JangmiCherry,"0:22 Jiwoong, saw you there… that face card that never declines",9,2026-05-21 13:52:03 UTC
@얌얌-m7h,"🤔...좀 더 보고 싶다...생각할 때쯤 노래가 끝나버려서, 벌써(?!)😮하구 당황스러울 정도로 완벽한 제베원의 'TOP5'가 좋음❤진짜",28,2026-05-20 14:54:13 UTC
@DareYan-f1g,SUNG HANBIN MAIN VISUAL GEN 5,64,2026-05-20 14:02:50 UTC
@ysyhhbwin,SUNG HANBIN MY TOP 1!,10,2026-05-20 14:06:16 UTC
@pkmnforisobel,"THAT THUMBNAIL IS CRAZY. TRULY, SUNG HANBIN IS HANDSOME AS HECK",4,2026-05-21 02:10:40 UTC
@hommefataltaemin,This is the comeback that finally made me stan them lol this mini album is straight up PERFECT 10/10,7,2026-07-20 10:51:21 UTC
@YJJ-z1o,와 미쳤다…..,20,2026-05-20 13:09:44 UTC
@가비-z5y,스춤은 매번 레전드💕 풀샷이랑 근접샷 역시 좋음,19,2026-05-20 13:18:58 UTC
@Borimi-u3v,Sung Hanbin's stage presence is spot-on. He's a stunning combination of dazzling good looks and profound talent,68,2026-05-20 13:30:53 UTC
@vicbin,진짜 Top 5는 퍼포먼스명작이야🔥😎,11,2026-06-06 16:06:45 UTC
@pinna0110,パフォーマンスの全てがキリングパート,12,2026-05-21 03:35:11 UTC
@Mimmmmmoooo,Jiwoong visual is so insane. Handsome as always,10,2026-05-20 13:45:05 UTC
@말랑-b2i,제베원 너무 멋있잖아,58,2026-05-20 13:04:42 UTC
@anggiewidya5853,"Matthew is a really good dancerrrr, i really cant take my eyes off himmm",11,2026-05-20 14:12:57 UTC
@vicbin,제로베이스원 미쳤다(p)😎🔥🔥🔥🔥🔥,12,2026-05-23 11:37:13 UTC
@김미숙-b1n2z,"춤
존잘 오늘 입덕❤❤❤",10,2026-05-23 14:00:22 UTC
@soleilsr23,I really love Matthew's dancing style 🤙,11,2026-05-20 13:43:15 UTC
@user-xx4xy7hb3m,0:33 slay~~~~~~~,21,2026-05-20 13:49:14 UTC
@liyu-d6s,입덕재입덕입덕재입덕,9,2026-05-20 14:13:25 UTC
@guesswhoisme114,the 2000th comment for my baby sung hanbin,7,2026-06-06 17:13:24 UTC
@rosemoon202,かっこいい🖤🖤少年から大人にアップデートされた感じがする！5人の魅力が最大限でてて最高🖤🖤🖤,11,2026-05-21 01:33:33 UTC
@jisunhan5741,노래도 좋고 춤도 멋지고 5명 모두 다 멋지고!,13,2026-05-20 13:15:51 UTC
@0nlyyu_0320,이걸로 안무영상 따보기 렛츠끼끼,8,2026-05-20 14:17:37 UTC
@MacyFederspiel,they look crazy good this era,5,2026-05-23 16:37:47 UTC
@BulandKhan-v1o2c,Zerobaseone,9,2026-05-24 20:53:32 UTC
@himawarimoriwaka226,0:16 jiwoong really looks stunning here,9,2026-05-20 13:28:51 UTC
@Liaaa_xcq7,아고 잘해!!!!,12,2026-05-20 13:14:36 UTC
@RaniKumari-zg9cj,Kim jiwoong serving so hard .. his face card😭..THE WAY HE FOLDED HIS SLEEVES🤌... looks so insanely handsome 😭,48,2026-05-20 14:54:49 UTC
@MikaAzFe,All of zerobaseone are All-Rounders 😍,13,2026-05-24 20:22:11 UTC
@vicbin,진짜 멤버 하나하나 특징과 장점이 잘보여 같은 파트도 자신만의 스타일로 소화하는 거 프로답다❤,14,2026-06-09 16:53:59 UTC
@Lilybin-k5o,Top 5 performance is soooo crazyyyy!!,9,2026-05-20 13:07:41 UTC
@kitareiiiiii,5th gen main visual and ace kim jiwoong is truly the most handsome 😍😍😍😍,11,2026-05-20 14:04:32 UTC
@wow-m3i,미쳤다 멋쟁이 5명 ❤TOP5,10,2026-05-20 13:27:02 UTC
@arimbae,they're really talented and I never doubt them even if they're only 5 now. i know the former members will also succeed,10,2026-05-22 04:21:27 UTC
@Sung._.binbin,SUNGHANBIN SOOO HANDSOME 🙌🏻🔥😍✨,7,2026-05-21 01:23:25 UTC
@얌얌-o2u,너무 좋아!!!,13,2026-05-20 13:02:55 UTC
@NowIAmInBloom,0:10 we reached 21M views in TOP5 MV...😮,93,2026-05-20 13:09:49 UTC
@Milana-t6j,I'm here after watching the mv and after this performance I'm absolutely a new fan of ZB1,36,2026-05-20 14:11:13 UTC
@guesswhoisme114,sung hanbin why so handsome?,7,2026-05-30 16:26:52 UTC
@zaff_23,They all are kdrama male lead coded 🔥,8,2026-06-11 12:16:09 UTC
@shoenyang,hanbin's hair is PERFECT in this omg he looks SOOO GOOOD,35,2026-05-20 13:45:01 UTC
@wardahimani,Hanbin😭😭😭,8,2026-05-20 13:55:03 UTC
@생따일괄깅,미친 개좋다 미친 도파민,7,2026-05-20 13:06:50 UTC
@zeroseallin,5명 너무 잘해 완벽해❤,15,2026-05-25 01:30:43 UTC
@이자경-v6l,한빈 ❤,9,2026-05-21 13:21:18 UTC
@ThaoPham-db8zu,"wow sung hanbin 💯 visual, vocal and dance 💯 insane",43,2026-05-20 13:53:07 UTC
@Iconik0901,"썸네일 무슨 일이냐고
이러면 봐야 하잖아...
성한빈 미모 정상영업",30,2026-05-21 13:48:29 UTC
@ddoubluecean,"It sounds kinda new to me, but I've been in love with it since the first listen. I think I've never seen zerobaseone do this kind of genre before. It feels like they're rebranding from a youthful concept to a more mature boy group image. And all of them deserve all the praise!!",10,2026-05-21 04:19:04 UTC
@mr.jungjaehyuncansteponme,crazy how i cant seem to take my eyes off of every single one of them when they're on the center like EVERYBODY IS OWNING THIS ERA WTF,5,2026-05-21 18:13:13 UTC
@24kgoldgyububu,this is def hanbin’s era,4,2026-05-22 02:14:51 UTC
@kirovadzhiya,"Sung Hanbin's stage presence is captivating: his style, his delivery, his facial expressions—everything is perfect",46,2026-05-20 13:14:41 UTC
@Annnsijke,진ㅋ자 멋지다.. 얼마나 노력했을지 너무 잘 보였어!!!,9,2026-05-26 00:47:30 UTC
@CrystalClear-zm1nm,"The song is so freaking good. And their performance is immaculate here. Please promote this song more, the music got lots of potential!!",14,2026-06-07 09:35:37 UTC
@rosesforleo,I hope this song becomes a hit!! It sounds so good and they are exuding confidence,10,2026-05-21 01:57:37 UTC
@user-mj9qt6iv8g,sung hanbin you are crazyyyyyy,5,2026-05-22 07:58:14 UTC
@vicbin,성한빈 이 날 이 착장과 헤어 레전드임 너무 잘생겼어❤,5,2026-05-30 10:43:45 UTC
@romi-sl8rs,Obsessed with this song,10,2026-05-22 23:39:05 UTC
@まこと-e1e2n,"何回聴いても飽きないな
恐ろしいTOP5",10,2026-05-20 13:16:22 UTC
@OMGG22,전체적으로 다섯명이 다 잘보이는 안무 너무 좋다,33,2026-05-22 04:49:25 UTC
@Greater_3,성한빈 표정 연기 머리스타일 옷 춤  모든면에서  너무 좋네요,4,2026-07-06 03:13:47 UTC
@parksoojin6942,every member got the lines that suit them,6,2026-05-30 10:28:31 UTC
@ffgrr0715,완벽하다❤,9,2026-05-23 00:20:33 UTC
@wookwoo110,난 스춤이 너무너무 좋아 〰️ 화질도 조명도 카메라도 헤메코도 걍 싹다 💙💙💙💙💙,11,2026-06-08 10:25:02 UTC
@forocca0925,"More 성한빈 (SUNG HANdsome BIN💖) Thumbnails, FanCams, and FaceCams, PRETTY PLEASE❣🙏😭😍🫶🥰",9,2026-06-03 17:04:22 UTC
@emiiyun7498,WE'RE SO BACK BABY,4,2026-05-21 04:39:02 UTC
@Zho-030,비주얼 이거 맞아요?? 하 진짜 너무 잘생김😳😳💙💙💙 실력도 미쳤고 노래도 너무 좋음 ㅠㅠ 대박나자 제베원!!,5,2026-05-21 19:04:52 UTC
@Betweenmarsandjupiter,"I keep coming back to this, it’s so good!",10,2026-05-23 02:48:00 UTC
@sorly2233,너무좋다ㅏㅏㅏㅏㅏㅏㅏㅏ,8,2026-05-20 13:13:29 UTC
@아이브-h3p,"와 하나하나 다 클로즈업
설레고
개 멋짐❤❤❤",8,2026-05-21 15:31:13 UTC
@babyprincessgalaxy,2:00 Matthew’s part here is so iconic! His dancing is so mesmerizing ❤️,6,2026-05-21 06:14:06 UTC
@김희옥-x1m,실력자들 5명으로 구성되어 보는데 불편함이 없네 노래 잘볶았네,4,2026-05-21 01:13:01 UTC
@BloomBright-j9t,Matthew ❤,9,2026-06-08 18:08:34 UTC
@sunoowae,the choreography is so unique man i love it so much,12,2026-06-08 07:56:26 UTC
@rlee2bvin,썸네일부터 박수 치며 들어왔어요👏👏👏👏👏,28,2026-05-20 13:23:00 UTC
@ほてい,ハンビン、最後あんなにかわいいなんて😍好き,5,2026-05-21 01:05:07 UTC
@Binnie_Key,Hanbin's eyes are so charming,4,2026-05-21 00:59:32 UTC
@Eidbw7stwuw6dy8wgw,아 너무 좋아서 속이 울렁거려 ㅠㅠㅜㅜㅠ 노래에서 향수 냄새나..,8,2026-05-23 16:57:04 UTC
@doremi_r2tp,성한빈 진짜......🤦🏻‍♀️🤦🏻‍♀️💕💕💕💕💕💕💕,38,2026-05-20 13:18:34 UTC
@건욱이내남편,우리제베원진심너무멋있어!!!진짜5섯명의매력들이다달라서이번곡더새롭게느껴져!진짜우리더높이올라가보자!사랑해♥♥,9,2026-05-20 17:41:05 UTC
@daisy_s1b,곡의 길이가 짧은데도 노래도 안무도 한명한명 잘보이고 계속 들어도 안질려서 신기하다... 이렇게 좋은 TOP5가 음원차트에 오래 있었으면 좋겠어요,6,2026-05-22 17:03:01 UTC
@한가람-g6o,이 무대 멤버 모두 헤어 가장 잘 어울려,4,2026-05-23 09:30:45 UTC
@OhMyWawa,"TOP 5 is looking so good..i love their voice, how everyone has their own color..im so proud of our ot5 ZB1",13,2026-06-06 22:49:07 UTC
@DGERICAA,"Sung Hanbin looks incredible, from that intro with his sensual voice, dance and amazing stage presence to that dance break, Hanbin is definitely the center of this song",44,2026-05-20 23:57:58 UTC
@CHAOTICYUFINE,I started loving this group 🥹💕,11,2026-06-08 22:56:31 UTC
@LnRit02,hanbin is a goated idol he has it all,7,2026-06-04 18:05:41 UTC
@jjourrnee,"너무 쫀득하게 잘해… 이번에 매튜가 진짜 리즈 찍는 느낌,, 너무 잘해서 탑 5 무대 볼 때 마다 소름 돋음,, ㅜㅜ🤍",6,2026-05-21 22:36:52 UTC
@cynthia-usa,SUNG HAN BIN,7,2026-05-20 18:20:18 UTC
@Littlemissjules,I replayed hanbin’s parts multiple times wow he’s so handsome,23,2026-05-20 14:18:13 UTC
@Caroline-p8t,So handsome❤hanbin,9,2026-05-24 23:01:09 UTC
@ariadarmawanganz,Jiwoong body control is amazing,5,2026-05-22 06:20:52 UTC
@wsaaaw,성한빈 입덕❤❤,4,2026-05-21 13:23:23 UTC
@RaniKumari-zg9cj,"Before,I was so concerned about zb1 future ..but now I believe, these boys are unstoppable 😭, our top 5, you will always be my top 1..😭",7,2026-05-20 15:11:41 UTC
@Sunnie-shb,I love hanbin's hair style 😍😍😍,37,2026-05-20 13:16:09 UTC
@yanna_ph,OMG This song is sooo good! Totally my style. Definitely stanning them now,9,2026-05-21 04:22:12 UTC
@vicbin,Zb1 have a lot of energy🔥🔥,6,2026-06-20 15:43:17 UTC
@tatagea7458,proud of you all  ❤❤❤❤❤,5,2026-05-23 02:21:51 UTC
@kumi_shb0613,ダンスも歌もビジュもすべてが最高すぎる…,7,2026-05-20 14:49:48 UTC
@Betweenmarsandjupiter,A group where every single member can hit the high notes,8,2026-05-23 02:50:35 UTC
@guesswhoisme114,sung hanbin michin visual😮❤,8,2026-06-02 14:43:55 UTC
@rfimbf,2:04 ゴヌペンだけどこの振りのメテュのグルーヴ感気持ち良すぎて大好き,5,2026-05-25 13:19:15 UTC
@성한빈-o1z,성한빈❤나,7,2026-05-23 14:35:10 UTC
@loveyydovey,"hanbin's hair looks incredible styled like this, i love it",20,2026-05-20 17:20:09 UTC
@2OO2O7l4,"컴백할 때마다 뮤비만큼이나 기대되는 게 스춤이에요…♡
다섯 명의 매력이 정말 잘 느껴져서 좋아요；；♡♡♡

제로베이스원을 지켜준 멋쟁이들에게 큰 결과를 선물해 주자ㅏㅏ!!!",7,2026-05-20 16:32:07 UTC
@사람-q3m5z,제베원 사랑해💙,8,2026-05-22 11:15:26 UTC
@htsiala1036,와 성한빈 도입부 ㅁㅊ나,5,2026-05-21 00:44:56 UTC
@SickOfDelusionalFandoms,"not a ZB1 fan, just a casual kpop listener who's come across their content here and there. Honestly when they were still nine i barely noticed two of the five members here, so it's genuinely refreshing to see them stand out like this. The song is well made, and the choreography lines up with the music perfectly. The choreographer understood the assignment and made sure every single member had their moment. Well done to all five of them. I've had this on repeat and i don't see that stopping anytime soon. I think i have to start stanning now. ZEROSE, hope i'm welcome TO JOIN y'all 💙",4,2026-05-20 21:31:45 UTC
@말랑-b2i,멋있다,8,2026-05-24 11:03:32 UTC
@NaranjinBat-erdene,ZEROBASEONE ❤❤❤❤,16,2026-05-20 13:01:25 UTC
@미옹이-f6n,좋다,8,2026-05-20 17:58:10 UTC
@ウンパッパ-zb1,天才ですか？,5,2026-05-23 02:19:11 UTC
@hamyangbeen,"This is the first time Hanbin has had this hairstyle, and it’s so captivating. I want to see him try even more different hairstyles in the future",3,2026-05-21 00:49:23 UTC
@shanbinsz,wahh hanbin are so handsome,49,2026-05-20 17:47:44 UTC
@Hamed234-i5z,YALL ARE SO FREAKING COOL 😭❤️‍🔥❤️‍🔥❤️‍🔥 LOVE THE MATURE REBRANDING SMMM,8,2026-06-04 08:49:25 UTC
@BulandKhan-v1o2c,I love this performance,13,2026-06-10 08:11:54 UTC
@bemyeternity99,와 근데 진짜 이번 앨범 곡 전반적으로 잘 뽑았고 타이틀도 진짜 잘 선정한 거 같음 멤버들 의견 전부 통일된 데 이유가 있네 ㅠㅠㅠㅠ,4,2026-05-27 05:28:52 UTC
@dyolandar_2213,Broooo they shine even more now🥹✨,5,2026-05-23 00:50:36 UTC
@rlee2bvin,이게 바로 간지지 봐라 이게 멋이다ㅠㅠ 성한빈 짱잘❤️,30,2026-05-20 13:24:26 UTC
@nyomi2105,썸네일 아름답고 제베원 탑5 스춤 너무 좋아,26,2026-05-20 14:13:46 UTC
@anxsfox,"tbh, I was never a fan of zb1 and never vibed with their songs really (always gave a listen to each release), but this one.....this one made me feel like~ ♥",35,2026-05-29 08:28:36 UTC
@dreamairi3602,あかん、ハンビンさん覚醒しとる😊,5,2026-05-21 04:49:27 UTC
@chiilliillii,proud of you all,5,2026-05-23 00:53:32 UTC
@7ll4gk,노래가 참 듣기 좋네. 안무 구성도 멋지다.,8,2026-05-27 21:43:34 UTC
@NowIAmInBloom,"0:09 That devastating,  incredible,  tall, handsome,  cool, Wolf like man SUNGHANBIN,  is really breathtaking. And singing TOP5 🔝 with that voice....",27,2026-05-20 13:09:24 UTC
@ccellnay,HANBIN SO HANDSOME,49,2026-05-20 15:01:58 UTC
@아이브-h3p,"한빈아
오늘 엠넷 무대 미치게 멋있었어
추움❤❤❤❤❤❤❤❤",3,2026-05-21 16:43:57 UTC
@foreverS2matthew,2:01 매튜 파트 표정이랑 춤 잘살리는거 레전드 너무 멋있다ㅠㅠ❤,4,2026-05-21 10:31:34 UTC
@MW_96,Sung hanbin❤,46,2026-05-20 14:13:14 UTC
@soleilsr23,Hanbin is chef's kiss 💖,83,2026-05-20 13:43:39 UTC
@BloomBright-j9t,Incredible good,7,2026-06-08 18:07:29 UTC
@xalexhc21,matthew is rlly trying to kill us all with those looks😭🫶,2,2026-05-21 06:18:49 UTC
@tutuchuruchuru,진짜 라이팅까지 완벽한 퍼포먼스,5,2026-05-21 01:55:24 UTC
@lynlyn-i8q,hanbin so handsome today 🤧,23,2026-05-20 13:13:07 UTC
@NowIAmInBloom,1:48 we are okay....we survived.... Hwaiting... Hanbinaaa...,17,2026-05-20 13:10:18 UTC
@M_제니,한빈이 헤메코 너무 예쁨🫶🏼💕,24,2026-05-20 13:08:12 UTC
@rjmplq,It's so good! ZEROBASEONE delivered with this comeback!,5,2026-05-23 14:23:13 UTC
@reimatthew1122,ましゅーお誕生日おめでとう！！！,6,2026-05-29 22:18:26 UTC
@banannamilke,SUNG HANBIN ❤❤❤❤❤❤,32,2026-05-20 13:02:22 UTC
@EsmilceDeMaidana,Me encanta como bailan,8,2026-06-10 12:13:30 UTC
@みきみき-b5f,ハンビン♡よすぎるかっこよすぎる大好きーーーー！！,31,2026-05-20 13:11:56 UTC
@BulandKhan-v1o2c,Zerobaseone never disappoint with their performance they always kill it,5,2026-05-23 07:01:30 UTC
@mr.jungjaehyuncansteponme,Hanbin and his smoldering eyes,4,2026-05-23 17:55:41 UTC
@얌얌-o2u,한빈이 이날 헤메코 너무 좋다 ❤,25,2026-05-20 13:19:41 UTC
@zerose._.taerin,성한빈 진짜 센터에 있지 않아도 항상 내 시선을 다 뺏어가..😽,16,2026-05-20 15:11:34 UTC
@oisisa,1:44 ソンハンビンさんターンしてもすぐお顔が正面に向いて凄すぎるよ…軸ぶれさすぎ天才アイドル,16,2026-05-20 15:25:40 UTC
@kawaiikart77,"제로베이스원이 또 한 번 스스로의 한계를 부수고 무대 위의 절대강자임을 각인시켰네요. 'TOP 5'는 단순한 타이틀곡이 아니라, 하나의 서사시이자 예술 그 자체입니다.",4,2026-05-21 13:48:13 UTC
@하오빈,노래가 잘생겼어 이거지 제베원이랑 넘 잘어울림,4,2026-05-27 05:30:39 UTC
@rosenee,성한빈 미쳤다!! 제로즈랑 TOP 5 까지 가자!! 사랑해💙😍🌹,19,2026-05-20 13:25:46 UTC
@qiqibaby-r3t,韩彬的导入太迷人了❤舞蹈也跳的很好看，不愧是我的主舞大人，脸也这么帅❤,24,2026-05-20 13:27:51 UTC
@아이브-h3p,성한빛나,20,2026-05-20 13:10:10 UTC
@akitasound13,THIS SONG IS FIREEEE,5,2026-05-22 04:14:02 UTC
@4md44ki,Gunwooks my MANN,6,2026-05-20 22:27:10 UTC
@lanofworm,this is the best hairstyle hanbin's ever had please style him like this more and more and more,11,2026-05-20 13:17:10 UTC
@babyhamcat,hanbin is on fire❤️‍🔥❤️‍🔥,17,2026-05-20 13:04:49 UTC
@연주니포에벙,한빈아 그 표정 사람 꼬시는 표정 반칙이다 아 진짜 저렇게 잘생긴사람이 있음???,15,2026-05-20 18:21:04 UTC
@STAYSKZOO-m3l,"여러분, 앞으로도 최선을 다합시다. 언제나 최고가 되도록 노력합시다.",4,2026-06-14 16:01:58 UTC
@shnhld,와 미쳤다....성한빈은 잘생기고 재능도 넘치고 인성까지 좋아♡ 진짜 어떻게 이렇게 완벽할 수 있어?,3,2026-07-07 23:39:27 UTC
@arianagomez9616,HANBIN ESTAS PRECIOSO 😮‍💨🩷,15,2026-05-20 14:10:25 UTC
@Ran_n_n,ハンビン大好き！かっこいい！ゼベワン大好き！,17,2026-05-20 13:11:13 UTC
@strwbrryglass,I’m so addicted to the way hanbin dances I can’t keep my eyes of him and the styling is so good too loving ascend- era so much!!,10,2026-05-20 15:25:46 UTC
@tinnncc,TOP 5 WILL ALWAYS BE ICONIC,4,2026-06-03 17:46:22 UTC
@lxc._.sophia,im crine 😭 im so proud of u guyss,3,2026-05-22 04:15:45 UTC
@zebewonforever,Hanbin as thumbnail <33,20,2026-05-20 13:20:46 UTC
@DayDay-xt4gh,이거지,15,2026-05-20 13:05:17 UTC
@みきみき-b5f,ハンビン良すぎて叫んだよ♡,15,2026-05-21 03:34:59 UTC
@reve6791,니중에 다 회사 나오게되면 다같이 회사차려서 하나로 뭉친 모습 보고싶다ㅠㅠ,3,2026-05-21 15:04:09 UTC
@iiyuii0,Mattparkz killed this 🥹🥹🔥🔥,2,2026-05-20 18:54:37 UTC
@jn-gh6yh,제로베이스원&성한빈♡♡♡ TOP5 최고!!,11,2026-05-20 14:18:42 UTC
@bomramie,HANBIN OMGGG,23,2026-05-20 14:53:06 UTC
@rikive,sung hanbin is ridiculously attractive like he's literally my straight awakening,9,2026-05-20 17:39:22 UTC
@piopiooo0321,i can watch this 24/7 😭,3,2026-07-16 00:58:56 UTC
@mschung91,나만 옛날 신화느낌 받는건가? 제베원 잘생기고 멋진 거 다 해라❤,4,2026-05-25 20:15:05 UTC
@shanbincha,OMG SUNG HANBIN YOU LOOK SO FINE 🔥😍,14,2026-05-20 13:06:58 UTC
@cynthia-usa,2:43 This style fits his perfectly. Stunning beauty Hanbin.,19,2026-05-20 18:24:12 UTC
@raku6521,サムネのハンビン見たことないヘアメで素通りするとこでした❤かっこいい❤,9,2026-05-20 15:19:34 UTC
@guesswhoisme114,GORGEOUS SUNG HANBINNNNNNNN,5,2026-05-23 11:23:25 UTC
@한가람-g6o,올라운더 TOP5  멋지다,5,2026-05-21 03:23:04 UTC
@foreverS2matthew,매튜야 너무 멋있고 잘한다 ❤❤️ 사랑해,10,2026-05-20 13:35:54 UTC
@kimberlybrodeth6229,EVERYONE LOOKS SO GOOD,3,2026-05-22 10:25:00 UTC
@Lෆve,"역대급이네🩷🩷🩷🩷🩷
지금껏 제베원 노래 중 제일 취저",4,2026-05-21 12:23:09 UTC
@h.marqxesd3110,Might be an unpopular opinion but only having 5 people in this group might be a good thing. Every single one of them were able to shine equally throughout the music video.,2,2026-05-20 21:28:31 UTC
@babyprincessgalaxy,Matthew is such an amazing dancer! This rebrand is everything,3,2026-05-21 06:15:52 UTC
@sabanomisonichan,良すぎて何回も見ちゃう,6,2026-05-22 04:32:21 UTC
@moon-shadow217,"Hanbin, our prince",3,2026-07-28 00:18:04 UTC
@NowIAmInBloom,"0:06 It's 2.4M views now, Let's reach 3M....",6,2026-06-24 10:23:11 UTC
@oakkarrtun,saja boys,5,2026-05-23 02:31:32 UTC
@vicbin,제로베이스원 찢었다🔥🔝🔝🔝🔝🔝,3,2026-05-22 15:58:27 UTC
@neosticker6003,Absolutely enjoying this rebrand! Hope ZB1 will keep rising <3,5,2026-05-23 03:29:04 UTC
@pointseventhree,"give the choreographer and song writer / producer a RAISE, PLSSS 🔥🔥🔥",2,2026-05-21 22:45:53 UTC
@SNOWATERIVER,파트별 카메라 앵글이며 조명까지 완벽한 영상! 안무도 잘 보이네요 👍🏻 👍🏻 우리 다섯 멋쟁이들 잘 담아주셔서 감사합니당💓,7,2026-06-05 08:11:14 UTC
@kataerine,gah damn hanbin,6,2026-06-15 08:14:49 UTC
@かしこい犬,5人でも9人でもゼベワンが良い方向に進化し続ける限りいつまでも応援するよ。ほんとうにいい曲😭,4,2026-05-22 09:14:35 UTC
@나현정-u3x,한빈사랑해요♥♥♥♥♥♥♥♥♥♥♥♥♥♥♥♥♥♥♥♥♥♥♥♥♥♥♥♥♥♥♥♥♥♥♥♥♥♥♥♥♥♥♥♥♥♥♥♥♥♥♥♥♥♥♥♥♥♥♥♥♥♥♥♥♥♥♥♥♥♥♥♥♥♥♥♥♥♥♥♥♥♥♥♥♥♥♥♥♥♥♥♥♥♥♥♥♥♥♥♥♥♥♥♥♥♥♥♥♥♥♥♥♥♥♥♥♥♥♥♥♥♥♥♥♥♥♥♥♥♥♥♥♥♥♥♥♥♥♥♥,5,2026-05-22 13:06:48 UTC
@Blackstarr80,I'm gonna devour their unfiltered cams when they come out🔥 So proud of our boys💕,4,2026-05-22 01:32:31 UTC
@bobabinhan,my fav zb1 title song,6,2026-06-21 09:16:27 UTC
@ariadarmawanganz,ZEROBASEONE TOP 5 BEST PERFORMER,3,2026-05-21 10:04:16 UTC
@말랑-b2i,성한빈 멋있어어어어어,6,2026-05-24 13:45:57 UTC
@alonewhale197,This is why men in black is my favorite .. cant take eyes off from jiwoong❤ im so proud if them..five of them nailed it . ❤,5,2026-05-21 16:12:03 UTC
@천리향-w8v,감사 감사 또 감사합니당 ❤😭,3,2026-05-20 19:16:54 UTC
@jiyeon1215,뭐지 얘네 왜 얼굴 폼 상승함,6,2026-05-26 09:47:45 UTC
@EN_CORTIS_ALD1,SUNG HANBIN SO HANDSOME🖤🖤🖤.,4,2026-05-21 00:24:40 UTC
@희아-e7o,개멋있어❤❤❤❤❤❤❤❤❤,5,2026-05-21 00:36:30 UTC
@mandimsianthang4838,Gunwook's rap is just another level,2,2026-05-23 01:08:32 UTC
@ttnylamb4525,I love Hanbin’s hair here,2,2026-05-21 00:48:28 UTC
@ilyrui,this is how you come back stronger,2,2026-05-22 17:59:13 UTC
@Njm__25,الاغنية رائعة جدا اقسم انني ادمنت عليها ❤ تحيا الجزائر 🇩🇿وتحيا كوريا الجنوبية 🇰🇷 اخوة للابد ❤,7,2026-06-06 01:04:49 UTC
@tris317,"I love that all 5 have an equal amount of screentime and lines, like each of them has their own standout moments too. Such a well-done comeback!!!",3,2026-05-21 23:55:16 UTC
@smily_xcx,"A top performer in the flesh. How Sung Hanbin manages to combine such powerful vocals with killer choreography?!!!

 And  his face card and expression are top notch...",3,2026-05-23 16:24:47 UTC
@BloomBright-j9t,Kim tae tae voice is so nice,4,2026-06-08 18:08:01 UTC
@romi-sl8rs,I never get tired of this song,5,2026-06-03 00:12:57 UTC
@byulbyul628,데뷔 후 처음으로 제대로 된 노래가 나왔네! 코디도 일 잘한다!🎉 '다섯 뱀파이어의 유혹'(?)같은 느낌?! 꺄아~ 완전 좋아❤,5,2026-05-23 17:01:49 UTC
@하오빈,맨날 봐도 좋네 노래 안무 너무 좋음,6,2026-06-03 22:52:04 UTC
@さやか-s3r,5人の魅力が最大限活かされてて本当に好き🥹,3,2026-05-21 09:25:52 UTC
@めめ-x8o,5人になって歌うパートダンスも増えたけど皆ほんとに上手いからもっとかっこいいし個々の良さが出てる,4,2026-05-22 16:38:05 UTC
@wanda_wnd,Wow sung hanbin is so handsome😍,3,2026-05-21 02:28:14 UTC
@Divachaos_zerose09,TAERAE’S OUTFIT!!! The half skirt-half pant thing suits him so well. Honestly the stylist did an amazing job with all the fits even if it was minimal but the members really slayed💗,6,2026-05-20 18:02:01 UTC
@seokjocy,TOP 5!!!!... playing this nonstop during the summer.,4,2026-05-21 03:36:46 UTC
@dalcom415,역시 화질 넘 좋구 멤버들 넘 멋지게 나와서 자꾸 보구싶네요❤,5,2026-05-21 07:34:03 UTC
@seokjocy,The boys did not disappoint .. they fit so well together.  TOP5!!!!!!!!!!!!!!! BABY!!!!!!!!!!!!!!,2,2026-05-21 15:19:39 UTC
@FZH_KPOP,Sung hanbin intro uh i love yhat,3,2026-05-22 16:15:56 UTC
@satriaba1346,I LOVE YOU ZEROBASEONE ❤,4,2026-05-21 03:56:22 UTC
@saeun-sec5,Thumbnail so handsome ❤‍🔥😍,4,2026-06-02 08:42:13 UTC
@Cank3rSoreP1ece,"The songs giving solo Yeonjun vibes😝
(In the BEST way)",3,2026-07-06 17:04:08 UTC
@haechancrush,사랑해💙💙💙💙존나멋졌어~~,4,2026-05-21 03:08:39 UTC
@Olive-b5q,"와우~~~~
박수~~~~~
보면 볼수록 멋지고 잘한다..
5명이 하니 더 집중이 잘되고 무대가 더 꽉차보이네요!!
제베원..
영원히 응원합니다 ^^❤❤❤❤❤❤❤❤❤
💙💙💙💙💙💙💙💙",6,2026-05-25 08:14:32 UTC
@400년만ILOVEYOU,도입부가너무좋음그냥…….ㅜㅜㅜㅜ,3,2026-05-21 12:26:01 UTC
@Linniebinnie-x8g,I came here from that Hanbin tweet,4,2026-05-28 03:10:45 UTC
@layla-fb4mr,Hanbin so handsome,4,2026-05-21 08:00:52 UTC
@IloveJungkooksomuch,Hanbin!!!!! SO CUTEE!!!!!❤❤❤,4,2026-07-27 22:37:55 UTC
@ray-wi4jp,"the choreography is sooo good and i love how all members kinda have their own  killing parts, so they all get to shine, and the styling suits them much, i’m going crazy 🥹 five cool guys indeed !!!",5,2026-05-20 17:47:31 UTC
@2001.o_o,ZB1 NEVER DISAPPOINTS,2,2026-05-20 20:58:31 UTC
@princetenjou,"So smooth so cool and they look like theyre enjoying themselves too!!!!
Matthews jacket just refusing to go back on his shoulders after @1:50 is everything to me",5,2026-05-20 18:07:32 UTC
@kyulforbin,ZEROBASEONE ATE 🔥,3,2026-05-22 06:35:21 UTC
@linohanbin,ill never get over hanbin's intro... he looks so good,1,2026-05-20 20:22:05 UTC
@AmorFati_2026,너무 진짜 ㄹㅇ 이거다!! 이걸 원했다구🙏🙏🙏💕,4,2026-05-21 13:03:58 UTC
@slhsbb,작두를 타는구나 한빈,4,2026-05-22 12:53:37 UTC
@camhoang71,Matthew ate this song ❤❤❤,3,2026-05-28 02:36:36 UTC
@dhonaslife18,"“Honestly, this video literally made me cry. I’m so freaking proud of ZEROBASEONE. They turned everyone’s worries about becoming just 5 members into something this cool, stylish, and amazing. Thank you, ZB1, for staying strong, being brave, and deciding to keep going as 5. Losing 4 members must’ve been the hardest thing ever, but you guys really proved that you can do it. Keep shining and stay successful, my loves 🫶”",1,2026-05-21 01:23:46 UTC
@saeun-sec5,My top 5,5,2026-06-04 13:48:35 UTC
@제로-z9i,음방 무대들 너무 기대된다❤❤,4,2026-05-21 03:12:27 UTC
@iamcoriane9854,2:41 lmao Gunwook what is this 😭,2,2026-05-20 19:22:29 UTC
@nazirassa,THANK YOU FOR RELEASING THIS BANGER,3,2026-05-22 13:05:58 UTC
@cherryrose16,Obsessed with Gunwook's dancing and rapping and vocals!!!!,3,2026-05-20 20:18:57 UTC
@TheKTwins5668,TOP 5 IS ONE OF THE BEST ZB1 SONGS,2,2026-05-21 05:01:47 UTC
@yurrrri710,다들 실력충이라 정말 보는 맛 듣는 맛이 있다,3,2026-05-21 15:53:30 UTC
@al-pn1md,ive never danced once in my life but i wanna learn this choreography so bad,3,2026-05-21 21:19:37 UTC
@keevolution,i want matthew's innocence back. lol,2,2026-05-28 14:35:05 UTC
@cindyleonita7806,TAERE'S POST CHORUS PART GOT ME 🥹🥹🥹🥹🥹🥹🥹🥹🥹🥹🥹🥹,2,2026-05-27 14:18:16 UTC
@shbfiles-613,성한빈💘💘,4,2026-05-23 15:36:14 UTC
@reeve3288,"Back to the classic boy band 5, and it works. The voices are awesome, great job guys.",5,2026-07-09 17:30:22 UTC
@Binnie_Key,My top 5 the best,6,2026-06-16 15:28:17 UTC
@LiveLeaf-xs7wy,They ate.,7,2026-06-13 12:28:55 UTC
@Binbin_Tata,OMG OMGG SUNGHANBIN!!!😳😻🫠🙌🏻🔥🔥,3,2026-05-21 01:22:14 UTC
@karniafriani146,"Eh suka banget sama visual zb1 skrng, benr2 natural bgt ih gagah ganteng2 bgt 😭",6,2026-05-27 15:34:59 UTC
@Panda68-d3q,Super písnička,6,2026-05-22 13:07:48 UTC
@songbbaby,"it was my very first time seeing this guys and I'm very impressed, I just LOVED the song and how how all of the members shine throughout the whole choreography. ❤",6,2026-07-22 13:21:42 UTC
@blissfulsumni,TOP5 대박나자!!!❤❤❤❤❤사랑해 제로베이스원❤️❤️❤️❤️❤️,3,2026-05-21 00:24:54 UTC
@julesrules4257,Gunwook is killing it 🔥🔥,3,2026-05-24 01:23:44 UTC
@팔보-t5w,이 노래가 우리가 top5가 아니라 너의 top5 모두 좋아라매 나 진짜 너무 부끄러 노래너무좋다///,2,2026-05-21 15:25:10 UTC
@louloudoll,ZEROSE IS SO PROUD ❤,2,2026-05-20 18:06:16 UTC
@presvyataya,ZB1 fighting!!!,3,2026-05-21 04:01:48 UTC
@mr.jungjaehyuncansteponme,that separation really got hanbin so bad his alpha pheromones are reeking out,1,2026-05-21 18:10:39 UTC
@Betweenmarsandjupiter,The aura of this group 😮,4,2026-05-26 17:20:30 UTC
@Silviaanggraini-zg9vx,HANBIN Ganteng banget,4,2026-05-21 14:41:44 UTC
@sweetescapess,1:41 best part 🐹,2,2026-05-20 20:54:28 UTC
@iamcoriane9854,I'm genuinely speechless; the performance is so clean,3,2026-05-20 19:21:46 UTC
@ROSA-k8l4w,They are incredible dancers,3,2026-05-25 19:22:48 UTC
@guesswhoisme114,love of my life sung hanbin❤,3,2026-05-21 09:17:34 UTC
@merlinjenk1ns,sung hanbin... the man you are,2,2026-05-20 22:06:12 UTC
@pointseventhree,"I think Taerae deserves special compliments - like (at least imo) we already knew the other members could pull off this kind of 'cool/swaggy' concept but this to me is a new side of taerae!! and i LOVE it, huge props to him, it's unexpected & he pulls it off soo well!! ❤",3,2026-05-21 22:48:52 UTC
@velvet_aura69,I'm obsessed with Taerae's voice ✨,3,2026-05-26 15:49:36 UTC
@lifeinalittlehouse2210,"the best vocals, taere and hanbin, best rappers, jiwong, gunwo and matthew... perfect",4,2026-05-28 08:47:11 UTC
@whenthequalityisbadbutiam,"it always wows me how much they've grown since boys planet. they've got effortless charisma and confidence now, plus this concept suits them so well",0,2026-05-21 08:38:48 UTC
@teerae95,i’ve always been a taerae fan but WOW im a super fan after this comeback. 😍🫶🏼,5,2026-05-20 18:03:14 UTC
@guesswhoisme114,GORGEOUS SUNG HANBIN!,4,2026-05-27 13:43:05 UTC
@Royale_Aster,I live this twirl + the little cha-cha thing they do after SO MUCHH 1:44,4,2026-05-23 03:29:24 UTC
@yolasam3653,Kim jiwoong looks so elegant and cool,2,2026-05-20 17:38:33 UTC
@EN_CORTIS_ALD1,SUNG HANBIN SO HANDSOME🖤🖤🖤.,3,2026-05-21 00:24:51 UTC
@channelkaeru,ハンビンめろすぎる( ºﾛº),6,2026-05-21 15:24:08 UTC
@bellarashid,I’m afraid to say this… but this might actually be their best song as ZB1 😭 sorry to my OT9 heart.,2,2026-05-21 02:16:42 UTC
@mlxcrq,ゼベワン大好き,5,2026-06-25 15:44:56 UTC
@bibi-le4lc,Sung hanbin so handsome,3,2026-05-21 05:14:25 UTC
@senehasingh1574,Zerose 2Mil is close 💙🎉,3,2026-05-28 13:59:17 UTC
@mariiamin,"i’m so proud of you, my loves! top 5 is such a soty, and the choreo is just amazing 💘💘 the energy and charisma are craaaazy you’re my favorite performers ever 🥹💙",5,2026-05-20 17:58:17 UTC
@izzalovezza,this is such a strong debut omg,3,2026-05-26 09:08:27 UTC
@흐린.날,Matthew really fits all concepts. Is there anything he can't do 😭🩵,2,2026-05-21 02:58:03 UTC
@Susuworld03,THE BEST REBRAND THEY COULD EVER HAVE OH YOU GUYS NAILED ITT,2,2026-05-22 17:04:34 UTC
@jlr6589,사녹가서도 느꼈지만 지웅이 얼굴은 진짜 감탄만 나온다,2,2026-05-20 17:35:19 UTC
@BloomBright-j9t,Gunwook is so hot,5,2026-06-08 18:08:21 UTC
@Eriyasaan,Choreography on top 🔥,3,2026-05-24 18:40:50 UTC
@Binnie_Key,Zerobaseone's comeback this time is amazing,2,2026-05-27 02:05:39 UTC
@BloomBright-j9t,Let’s go gunwook,5,2026-06-08 18:07:41 UTC
@rihab-vs9gg,It's wonderful to watch this performance; it's beautiful.🙈🩷🌸,3,2026-05-21 05:04:52 UTC
@guesswhoisme114,lets gaurrrr for 1M tonighttttttt,2,2026-05-21 09:17:18 UTC
@airajanecaro6921,Sung Hanbin! Why so sexy and cool? This sophisticated sexy concept suit him so well. 😘 All the members stand out so well too. Zebes fighting!,3,2026-05-21 01:15:04 UTC
@moajjunie822,"ngl, this song, hanbin and matthew, yeah, im loving the coolness",2,2026-05-27 14:37:08 UTC
@sooyooh,MATTHEW OMG 😭😭😭😭😭😭😭,4,2026-05-26 06:47:53 UTC
@wonsavocado,Wakeone thankyou for this BANGER,2,2026-05-21 01:19:35 UTC
@arelijuarez3290,"ZEROBASEONE 🔝🔝🔝🔝🔝
Sung Hanbin is sooooooooooooo handsome!!",2,2026-05-20 19:35:43 UTC
@ゴヌク大好き,最高にかっこいいよ〜！大好き,4,2026-05-21 11:32:38 UTC
@bernaelgun9399,02:00 Matthew ATEEEE,2,2026-05-23 20:16:49 UTC
@zeroselu露,My top 5,3,2026-05-22 07:19:03 UTC
@ymyle,Jiwoong so handsome !!!!!!!,3,2026-05-21 16:35:12 UTC
@UIU-UU,This studio is fantastic and the performances there are beautiful. I wish they could also feature AESPA and have them perform there😔🙏🏻🙏🏻,3,2026-05-22 09:04:27 UTC
@OMGG22,노래 중독성 최고!!,4,2026-07-07 08:39:31 UTC
@BulandKhan-v1o2c,"Zerobaseone
Top five",4,2026-05-28 08:58:15 UTC
@임루나-r9w,"보컬, 퍼포, 비주얼 완벽한 그룹 여기 있습니다.",2,2026-06-01 06:15:08 UTC
@Rjbunnie_,"Wow! Just wow, THEY ATE THIS UP FR❤‍🔥",3,2026-05-21 18:59:38 UTC
@Readwithme-qy9wk,Oh God! Who give taerae permission to be this HOT?,3,2026-05-27 00:27:44 UTC
@skysky2599,Yes so good,3,2026-05-21 08:45:56 UTC
@jeonghanpetrock,i would have never expected sexybaseone to be here 😔,2,2026-05-21 03:03:01 UTC
@almondmilk3137,DAYUMMMMMM,4,2026-05-23 02:07:32 UTC
@OMGG22,앞으로의 앨범도 기대하겠어~~,3,2026-05-27 08:28:13 UTC
@마키-c2x,TOP5 진짜 멋져❤ 화면에 넋을 뗄 수 없어 😊 언제나 멋지지만 매력이 더 올라갔어⤴️⤴️⤴️⤴️⤴️,2,2026-05-20 22:54:36 UTC
@ttnylamb4525,All the members with dark hair just hits different 😍,0,2026-05-21 00:51:24 UTC
@ちょことるたー,全員がちゃんとした見せ場を持ってるのがいい,1,2026-05-21 00:37:18 UTC
@liv9726,Everyones so cool!! Also wth is kim taerae this comeback is insanely pretty,3,2026-05-29 13:29:01 UTC
@wedadWodeee,SEOK MATTHEW!!!!,3,2026-05-21 21:39:10 UTC
@giatthew0528,It’s amazing that ZB1 is really fated to be Performers we really eat this Line up.,1,2026-05-21 07:11:41 UTC
@tendo-dt9se,Now give us that Jiwoong fancam 🥵,1,2026-05-20 17:37:24 UTC
@STAYSKZOO-m3l,"여러분 모두 건강하고 안전하며 행복하시기를 항상 기원합니다. 사랑하는 친구들아, 모두 사랑해. ❤",3,2026-06-14 16:02:32 UTC
@musangsi13,the best out of all the current kpop releases in my opinion. such a catchy song and well directed mv.,4,2026-05-22 17:38:10 UTC
@bininimocha,2M soon!!!,3,2026-05-28 13:34:48 UTC
@ariadarmawanganz,"My eyes are glued to jiwoong, despite being the most handsome human in this world he is such an amazing performer ❤️‍🔥",3,2026-05-21 10:02:29 UTC
@ellaanansings,1:28 JIWOONGIE'S RAP!?❤❤❤,3,2026-05-21 02:38:25 UTC
@masful6,ジウンにすごくよく似合う曲❤,4,2026-05-22 01:06:39 UTC
@mmello_jello,"THIS CHOREO IS MAKING ME FEELING THINGSSS
LMAO Gunwook's ending sdsakhdb",1,2026-05-20 20:00:54 UTC
@momo-nj7mo,ダンスえぐいそろってるしかっこよすぎる、、、,2,2026-05-20 22:34:38 UTC
@Jioulpndara,TAERAE!!! anyways this song such a masterpiece,2,2026-05-20 17:47:20 UTC
@anonymousfangirlxx,I just want to thank my TOP 5 for staying....,1,2026-05-21 01:05:27 UTC
@florence283,Keep streaming the mv yall and dont forget to post on the clock app as well as linc and mnet,3,2026-05-22 11:59:26 UTC
@ValerieSanchez-o1e,so proud,2,2026-05-23 01:54:17 UTC
@BereniceJiménez-z9r,HHAHAAH GUNWOOK,3,2026-05-20 20:44:37 UTC
@zerose_allin,Sung hanbin 😮😮❤❤,3,2026-05-20 18:14:11 UTC
@IrissL-cr5xn,Jiwoong you are a star,2,2026-05-20 20:43:41 UTC
@FOXSTAR1024,I'm so so so proud of these guys. This rebrand is PERFECT! I actually love the group even MORE now,2,2026-05-21 04:40:58 UTC
@rkcysk,Lets keep str3@ming to TOP 5!!,2,2026-05-21 15:06:00 UTC
@wdvhiuytre,new fan bc of taerae 😫,4,2026-05-27 20:12:17 UTC
@mochiko-m9d,ゼベワンだいすきすぎてだいすき本当に最高だいすきありがとう,2,2026-05-21 13:33:02 UTC
@Zerose_Base_One,I'M SO PROUD SEEING OUR TOP 5!!!,1,2026-05-20 18:52:57 UTC
@AhnafAsifAbubacker,Cute hanbin ❤❤❤,3,2026-06-01 13:52:18 UTC
@l3vyx,ZB1 are my top 5 💗💗💗,3,2026-05-28 13:23:21 UTC
@BulandKhan-v1o2c,Zerobaseone,4,2026-05-30 09:16:47 UTC
@galaxies_Ryu,안무 세련되고 감각적이에요❤,3,2026-06-02 23:33:12 UTC
@gfromtheblock,please go on it's live,2,2026-05-21 05:57:59 UTC
@유병현-f2n,제로베이스원 ❤TOP5,2,2026-05-21 03:13:00 UTC
@RebeccaPark-gu9vw,스춤에서만 보기 아까워 이 착장으로 음방도 하자,2,2026-05-20 17:40:30 UTC
@GyeomDan,✨️제로베이스원✨️,2,2026-05-21 01:46:02 UTC
@guesswhoisme114,my everyday jam,3,2026-05-30 16:26:44 UTC
@zerose_allin,Sung hanbin ❤❤❤,3,2026-05-21 09:15:33 UTC
@claire8629,I'm so proud of them! ZEROSEs continue to stream TOP 5,2,2026-05-22 10:26:13 UTC
@kimd4110,"the song, the chorus, the dance, the face card, the style all perfect...❤️‍🔥❤️‍🔥",1,2026-05-21 01:30:48 UTC
@wzjwccmh17,KOREAN SAJABOYS!!,2,2026-05-20 18:51:18 UTC
@alinah430,"their best choreo yet, actually so addicting to watch",2,2026-05-21 03:04:32 UTC
@ariadarmawanganz,"Jiwoong body control is so amazing, his moves are so powerful & strong yet elegant & graceful ✨",2,2026-05-21 10:03:46 UTC
@taeraedebut,the choreo is truly as expected..so extraaa ❤❤,2,2026-05-22 06:11:38 UTC
@zrs4166,ughhh this is so gooodddd,2,2026-05-21 04:27:20 UTC
@LidyaFakhira-q9p,hanbin gue ganteng banget😍😍,3,2026-05-20 23:32:53 UTC
@STAYSKZOO-m3l,"I love you all and I cheer you all on, guys ❤",3,2026-06-14 16:02:11 UTC
@nieshaz77,Love the choreo. From an old skool who had been observer of smooth dance like this from the American African R&B performers in the late 90s and early 00s,3,2026-05-22 14:59:06 UTC
@Lovethyselfforwhoyouare,I love this so catchy and sexy ❤️‍🔥,5,2026-05-22 05:19:41 UTC
@zerose_allin,"Your lips, your style, your kiss, your smile ❤❤",2,2026-05-29 07:54:45 UTC
@ThreekidsinAU,Perfect balance as a group. 5 members best complements each other. Visual / Vocal / Dance / Rap / All-rounder. Well done ZerobaseOne,0,2026-05-21 09:17:53 UTC
@해기-p2m,그냥 멋지다 ❤,2,2026-05-21 00:19:23 UTC
@jaemi777,"テレマジですごい。歌上手いって最近のkpopではレアになってきてるよね。
15年間kpop見てきて色々ほんと変わったと思う。",2,2026-05-28 00:28:16 UTC
@ahm.774,ate as always rahhh,3,2026-05-21 21:28:09 UTC
@soniirawan5926,The real Top 5,2,2026-05-20 18:21:33 UTC
@anu-s9m2p,かっこいい〜💓,3,2026-05-22 03:01:59 UTC
@allin.Binnie,와 진짜 ㄹㅈㄷ 멋있다... 멋쟁이라는 말은 완전 찰떡 표현이네 짱 멋져! 오늘도 제대로 재입덕 (๑•̀ㅂ•́)و✧,3,2026-05-20 18:59:28 UTC
@rizzanartleb1868,Why! This comeback is so effin good! I'm addicted ❤,2,2026-05-22 19:16:56 UTC
@dear_utopia,TOP 5 🏆🏆🏆🏆🏆,2,2026-05-20 21:44:30 UTC
@MyLife_IsBoring,This is one of my top 5 songs ❤️,2,2026-05-21 01:23:20 UTC
@JuNijiisHappy,Omg Matthew so cool,2,2026-05-20 17:45:51 UTC
@estea8277,"The re-branding is success, this song is soooooo good",1,2026-05-21 12:07:45 UTC
@Thtmxk,1:37 다죽자 모먼트 십알,2,2026-05-21 00:31:36 UTC
@knwluv._0,I really like Taerae's voice,2,2026-06-25 19:38:36 UTC
@wonielvss,Amo,7,2026-06-08 16:04:53 UTC
@mahayuddinibrahim9681,My top ZB1 🎉🎉,3,2026-05-27 02:23:45 UTC
@mylittleworld-o4t,Oh my Gosh 😂 such a flirty song 🫣 I am literally blushing,1,2026-08-05 16:28:19 UTC
@ちょことるたー,全員全瞬間もれなくかっこよくて、映画館で1日中これを眺めていたいレベル,1,2026-05-20 17:38:37 UTC
@linaa371,The choreo is so good,3,2026-05-28 05:47:05 UTC
@fluffyduck9943,i literally didnt blinked,2,2026-05-22 12:00:56 UTC
@handsyou_u,비트 미쳤다,3,2026-05-31 11:32:16 UTC
@euncong,제베원 짱이야 너무 사랑해 •• 한빈이 시작파트 너무 멋있구 지웅이 매튜 건욱이 랩 너무 너무 분위기 있구 ! 우리 태래는 어쩜 이렇게 춤 실력이 잔뜩 늘었을까 🥹 기특해 🫳🏻🫳🏻 음색두 최고야 !! 얘들아 사랑해 내가 마니 응원할게 🫶🏻,3,2026-05-21 03:23:06 UTC
@KIITTYXC,SOTY!!,3,2026-05-21 03:30:20 UTC
@ちょことるたー,細部まで素晴らしいからなるべく大きい画面で見るべき動画,1,2026-05-21 09:12:15 UTC
@zerose_allin,Top 5 ❤❤❤,2,2026-05-20 18:14:03 UTC
@ae-n4t,와 노래 잘 뽑았다,2,2026-05-22 18:10:46 UTC
@onlymeaccess,legendary,4,2026-07-10 14:20:08 UTC
@ara21095,"Me gusta mucho la coreografía, todos se ven muy guapos se ve que se han esforzado estoy orgullosa de ser una Zerose",4,2026-05-21 23:43:02 UTC
@NabiZB1,Dancebaseone :),2,2026-05-20 21:14:52 UTC
@white_v,0:52 SERVEEEEE TAERAEEEE,3,2026-05-24 19:12:36 UTC
@Izlmax,This lowkey is insane Top 5 SO PEAKKK HELLO????😍,1,2026-05-20 18:39:57 UTC
@paolahernandez3217,Temazo !!!!,4,2026-05-21 04:04:09 UTC
@justddee,"JEBEWON STILL AMAZING!! OUR TOP 5 HANBIN, JIWOONG, MATTHEW, TAERAE, GUNWOOK thankyou for comeback stronger🖤",3,2026-05-22 10:04:57 UTC
@sleepybubb,Amazing choreography ❤,2,2026-05-21 01:52:12 UTC
@BulandKhan-v1o2c,Zerobaseone,2,2026-05-23 14:04:16 UTC
@nurulhusnamiss7952,they so stunning in this concept 🫣,2,2026-05-21 02:53:33 UTC
@hirorinmikan5909,かっこよすぎ、、！,2,2026-05-21 03:18:47 UTC
@yokli8531,"Ze_Roses!!
Remember watch all the stages and fancams, and v0te!!! 
ZB1 & ZE_ROSES FIGHTING!!",2,2026-05-24 17:54:00 UTC
@miumiu.888,The rebirth of ZB1 🖤,1,2026-05-21 15:44:24 UTC
@luv.3398,I'm so proud of them.  They really bringing it with this rebrand.  Man they have been working hard and overcame so much to get here.,1,2026-05-21 01:02:15 UTC
@Zerose007,Taerae's part is addictive,2,2026-05-23 17:56:51 UTC
@The810-aaakd,"Last night made a list of my top 5
Top 5 favorite things of all time 

Park Gun-wook, Kim Tae-rae,Seok Matthew, Kim Ji-woong, 

And number how Sung Han-bin makes me feel like~◇",5,2026-05-24 21:20:36 UTC
@haozhanggg,nahhh they be eatin down on this comeback,1,2026-05-21 12:34:28 UTC
@oingddonig,트로피 돌아가는 안무 왜케좋음,1,2026-05-21 08:43:05 UTC
@Betweenmarsandjupiter,"I dont know how else to say this but like..THIS IS PERFECTION!! The way they used each members strengths so utterly perfectly, im still so shocked. Hats off to Zb1!!",1,2026-05-20 18:32:13 UTC
@JesusBibleMinistry316,The charisma of this group is INSAAAAAAAAAAANE!!!!!!!!!❤‍🔥❤‍🔥❤‍🔥,2,2026-05-20 19:29:41 UTC
@jiangJiang-lo9qt,成韩彬你太帅了,3,2026-05-21 11:48:56 UTC
@matthew_seokryu,ソクマシュー❤❤❤,2,2026-05-21 13:42:20 UTC
@SayreGgg,"zerobaseone You are absolutely amazing, you are the best!",3,2026-05-31 05:44:02 UTC
@hongermelon,ZB1 is sooo cool 🥹🥹,2,2026-05-20 19:30:20 UTC
@Binnie_Key,Zerobaseone all-rounder,2,2026-05-24 13:40:48 UTC
@타쟈-x8h,오베원 너무 아랑스러워🥹🥹🥹,1,2026-05-20 19:57:53 UTC
@AV-ks1gp,"Jiwoong's rap tone is so freaking nice now that it is way more mature than his INX days. I hope he raps a lot more, he really suits it and he brings a really interesting voice flavour <3",1,2026-05-21 10:23:11 UTC
@Ndyashffwh,you have worked hard 🥹🤍🤍🤍,2,2026-05-21 13:05:37 UTC
@STAYSKZOO-m3l,"I love you all, you are the best to me, I am so proud of you all ❤",3,2026-06-14 16:02:59 UTC
@kinjal-w5m,"I really like @STUDIOCHOOM ,how they make the video quality look so perfect ,the camera movements and elegant with that colorful background💁🏼‍♀️‼️🤌🏻💗🔥🤧....
Everything is top notch 💗💥❤️‍🔥✨️

Love ya @zerobaseone 😝🎀😭🌷💗💥💅🏻🙌🏻✨️",2,2026-05-20 17:36:43 UTC
@woog-ji,"김지웅 겁나 섹시하다
너무 이뻐",4,2026-05-21 16:09:09 UTC
@suma-knp,誰がセンターに来ても圧倒的な存在感！私のTOP5♡,1,2026-05-20 21:39:52 UTC
@capchi03,"I'm so insanely proud of them, they're incredible",2,2026-05-20 19:23:31 UTC
@aster-3011,"They did soo well , I'm Soo proud of my boys🥺🥺❤❤❤",2,2026-05-23 09:21:49 UTC
@kyung5z,"🥹🥹 i'm so proud of them, i can't even put it into words",2,2026-05-22 11:37:33 UTC
@abibizip,this song is so addictiveeee,2,2026-05-24 03:22:51 UTC
@JangmiCherry,"Istg, all of them ate this comeback so bad!!! This rebrand is the rebrand we never knew we needed",1,2026-05-21 13:52:37 UTC
@BulandKhan-v1o2c,Talentbaseone,3,2026-06-01 08:15:45 UTC
@lyynn-010,this is an amazing song.. i love the dance so much!!,2,2026-05-20 22:41:32 UTC
@Zhangur1,I’m so proud of them. Please continue to support ZB1!!!,2,2026-05-20 17:41:12 UTC
@pinkismelody,seok matthew,3,2026-05-31 10:33:09 UTC
@JangmiCherry,"TO TAERAE’s STYLIST, KEEP IT UP!! BRING US MORE THIRSTRAP TAERAE🙇‍♀️",1,2026-05-21 13:55:31 UTC
@hustleginn1457,Visualbaseone,2,2026-05-21 02:49:56 UTC
@miwookiei,YESSS SO GOOD,2,2026-05-20 18:18:51 UTC
@BulandKhan-v1o2c,The performance is so good i can't stop my self to coming here,1,2026-05-24 15:37:54 UTC
@SeokWooHyun,매튜오빠 표정 진짜 ㄹㅈㄷ 너무 잘춘다 🤍🤍🥹,1,2026-05-21 02:45:53 UTC
@Shiro-r1n,The dance is so cool and even cooler with Studio Choom's lighting!,1,2026-05-20 23:56:15 UTC
@Lifeofseven_7,Zerose! Ready to give the boys what they deserve?,1,2026-05-20 18:22:49 UTC
@Panda68-d3q,Go go boys,2,2026-05-20 20:48:14 UTC
@STAYSKZOO-m3l,"여러분 모두 너무 멋지고 아름다워요! 모두 사랑해요, 여러분! 최고예요! 새 앨범 정말 자랑스러워요! ❤",2,2026-06-14 16:00:05 UTC
@zerosebluee,"Our 5 cool guys, Zerobaseone 💙💙💙💙💙",2,2026-05-21 02:14:12 UTC
@황문자-h2q,드뎌 오늘 엠카에 온다!,1,2026-05-21 01:46:11 UTC
@bttr_fly_wngs,"I'm really glad to be seeing Jiwoong more in the performance video and him getting to be in the center during his part. I think it's because in their recent performances, they are no longer working with the wk1 performance director who would always put him in the back or to the side even during his part. Now the performances are much more enjoyable to watch and Jiwoong's dance and stage presence are given more exposure",1,2026-05-20 23:21:51 UTC
@foxeineun,"I’M SO IN LOVE WITH THEMM.

Thank you ZB1 for saving my summer once again with a SOTY.",0,2026-05-21 06:31:19 UTC
@Kawa-s7c,みんなかっこよすぎる！！！！！,2,2026-05-31 05:11:24 UTC
@fluffyduck9943,i think i just got hypnotized,2,2026-05-22 12:00:45 UTC
@likewinterrr,Hanbin!!!,2,2026-05-20 20:24:28 UTC
@Betweenmarsandjupiter,YOU GUYS ARE THE BRAVEST PEOPLE I KNOW URI JEBES,2,2026-05-20 18:32:52 UTC
@Stuckwithsabo,"They look so cool,taeraes looking so good within this concept though,im falling for him hehe",2,2026-05-20 18:18:20 UTC
@vizen8435,Sung Hanbin so hot,2,2026-05-20 18:48:05 UTC
@user-bz2jy5wv3r,너무좋다,2,2026-05-21 04:29:57 UTC
@yuigie8181,so brave for our boy. top 5 fav is amazing❤,2,2026-05-21 03:54:17 UTC
@RegufZxc,Gunwook looks so gewddd,1,2026-05-21 00:55:46 UTC
@dgg8765,0:58 1:49 2:00 야르렁,4,2026-06-15 04:58:52 UTC
@guesswhoisme114,SEXY SUNG HANBIN!,4,2026-05-27 13:43:14 UTC
@TrinhNgọc-o2q,Let's go TOP 5 🔥🔥🔥,1,2026-05-21 15:12:11 UTC
@seol-kg1jt,다섯명의 안무가 너무 멋지다. ❤,2,2026-05-28 07:00:02 UTC
@iamcoriane9854,Their performance skills are always top notch,1,2026-05-20 17:38:42 UTC
@rfimbf,本当に振り付けがよいな、、、,1,2026-05-25 13:18:21 UTC
@luv.3398,This performance is so so good.,1,2026-05-21 00:58:24 UTC
@ValerieSanchez-o1e,it feels so diffcent with out the other 4 members but i get it and im so proud of them and they got this even if it's going to be hard but they can do it :3,3,2026-05-23 01:58:51 UTC
@vintagej-hy,top5！,3,2026-05-23 02:25:18 UTC
@urkeiiyaa,LETS GO TOP 5,1,2026-05-21 09:48:16 UTC
@minmin-suk894,"la cancion es adictivo en general no solo el coro, la coreografía 100/10 y sus visuales todo es perfecto",3,2026-05-21 13:49:39 UTC
@prty0814,아 진짜 너무 좋아 ❤❤ ㅜㅜㅜ,3,2026-05-26 13:49:30 UTC
@Angie-o8m,"You did well, and you're doing amazing, our Top 5.",2,2026-05-22 13:52:11 UTC
@ZB1_A2BLE,Honestly I love all of the hidden dance moves from previous zb1 songs. It makes me feel things lowkey😢,1,2026-05-21 14:09:20 UTC
@ffgrr0715,한빈❤,4,2026-06-11 16:33:46 UTC
@cmtbs28,1:59 THIS PART IS ABSOLUTE CINEMA,1,2026-05-21 16:50:43 UTC
@BulandKhan-v1o2c,"Zerobaseone
My top five favorite",3,2026-05-29 08:51:49 UTC
@Susuworld03,THIS IS GENIUNELY THE BEST SONG I HAVE EVER HEARD?? LIKE BEST SONG BEST ALBUM LITERALLY ZB1 TAKING IT THIS YEAR HOLY SHIT,1,2026-05-22 17:04:05 UTC
@mrsallognon,Sung hanbin ❤❤,2,2026-05-20 21:29:16 UTC
@anpanmanphile,"I love all of them stand out so much, they really killed this comeback",1,2026-05-21 12:49:39 UTC
@babysho-u2i,haaaa ganteng bgt sung hanbin 😭,1,2026-05-21 01:17:40 UTC
@tomatoaisis,"아니매튜총각 힘을 빼고 물흐르듯이추는데도 어케그렇게라인도각도살아있니 너는진짜재능이야, , ,,",1,2026-05-22 16:49:37 UTC
@Betweenmarsandjupiter,1:24 the shadows in the background matching their music video is genius,1,2026-05-20 21:58:35 UTC
@copedesign,this concept really suit them well,0,2026-05-21 08:47:26 UTC
@BulandKhan-v1o2c,Zeros vote on m countdown,2,2026-05-24 15:38:21 UTC
@zephyrrjun,I love it so much ❤,2,2026-05-21 03:15:46 UTC
@sofiakatedetoya5773,the dance break is so satisfying to watch,0,2026-05-25 09:45:07 UTC
@ねおん-j5d,楽曲もコレオもスタイリング天才、、なにより本人たちが大天才、、,1,2026-05-20 22:28:27 UTC
@izz.28,A part of me want to gatekeep this performance 🌚🙏🏻 but people need to know them 🥺🫶🏻 look at my babies become so matured already!!! So so proud of them 🙂‍↕️🙌🏻,1,2026-05-21 07:33:53 UTC
@micaelamarianaolguintorres1814,Esta canción es muy buena,3,2026-05-21 04:38:47 UTC
@luv.3398,"Song and choreo are so groovy, love it.  What a team so amazing.",1,2026-05-21 00:51:37 UTC
@yongburger2574,everyone’s extra sexy i cant handle it,3,2026-05-21 04:32:39 UTC
@yicelflowerz1607,ZB1 handsome 😍😍😍😍😍,2,2026-05-21 03:07:09 UTC
@mayamin9599,Lets go!,2,2026-05-22 21:55:30 UTC
@Susuworld03,TOP5 IS SO ADDICTIVE. I JUST CANT STOP LISTENING TO IT,1,2026-05-22 17:04:21 UTC
@Ris-vulpis,I reallyyy like this new side of ZB1,0,2026-05-21 10:21:57 UTC
@mandddooooo,"우연히 노래 들었다가 너무 좋아서 옴...! 
안무까지 보니까 진쨔 좋네요
약간 보아 Spark, my name 같은 비트 때문인지 1~2세대 아이돌 느낌도 나는듯!!!!",0,2026-05-21 09:32:15 UTC
@Janjannah-v3t,"Aku bukan penggemarnya zb1,tapi semenjak Top 5 aku mulai mengikuti mereka,suka aja menurutku lebih suka aja❤",2,2026-05-20 23:55:21 UTC
@ytac.1510,Me encantaaa🖤✨️ Son increíblees,3,2026-05-23 01:20:32 UTC
@09_stars,"oh, wow their dance line is so precise. look at that straight line and precise angle ❤❤❤❤❤",1,2026-05-20 17:32:49 UTC
@woou22,작꿍즈 믹스앤맥스 나왔으면..,2,2026-05-26 19:32:42 UTC
@Brunno_off,A coreografia é muito boa.,3,2026-05-21 01:31:05 UTC
@BloomBright-j9t,Jiwoong ❤,4,2026-06-08 18:08:49 UTC
@eainnyk,Everything is well balanced and satisfying,1,2026-05-20 19:42:55 UTC
@be_1993x,"This song & choreo is so addictive, such a great comeback :)",1,2026-05-20 20:24:09 UTC
@sor2484,ふううかっこよすぎる。,3,2026-06-13 15:46:50 UTC
@haonique,김태래 미쳤다 … 왜캐 잘생겼다 ㅠㅠ,1,2026-05-20 18:32:06 UTC
@좋아하는스키즈1k,잘생겼다제베원,2,2026-05-27 04:50:40 UTC
@みかづき之助,かっこよすぎる！！ゼベワン大好き！！！！,1,2026-05-21 08:44:46 UTC
@Frannn.b.a,Jiwoong is so handsome 💙👄💙,2,2026-05-20 20:05:02 UTC
@ottbell3535,ZB1 my Top 5🔥🔥🔥🔥🔥,1,2026-05-21 01:41:32 UTC
@aromi-d6t,제로베이스원 💙💙💙💙💙,1,2026-05-21 13:34:38 UTC
@Gyufiynist0830,역시 우리 제베원💙💙💙💙,1,2026-05-21 02:49:23 UTC
@멍멍-u2y,"빅스 이후로 처음 심장이 반응한다,,, 얘들아 이거다,,,
건욱아 늘 믿고있었다 ㄱㅅ",2,2026-06-01 06:18:16 UTC
@Josie-c2x7z,There are so incredible!!!!Zb1!!!!!!!!!,3,2026-06-14 13:03:27 UTC
@kawaiikart77,"Addictive as always, the choreo is great!",0,2026-05-21 10:15:58 UTC
@타마-520,🫶🍀행복하자〜♪,3,2026-05-26 09:30:25 UTC
@n____natsumi.0415,"いやーー歌も良いのにダンスも良いのか
最高じゃんほんと",1,2026-05-20 18:42:10 UTC
@user-mo7qf1zo6h,이런 노래 이런 안무를 원했다고 진쨔,1,2026-05-22 00:43:52 UTC
@violezahard5796,omg jiwoong,2,2026-05-20 17:47:40 UTC
@shanisu,IM OBSESSED,2,2026-06-03 10:43:32 UTC
@BulandKhan-v1o2c,Their performance is just like wow,0,2026-05-21 06:03:03 UTC
@mv5901,Im so proud of jebewon!! TOP 5 🧎‍♀️🧎‍♀️,0,2026-05-21 11:09:32 UTC
@n.tobe.smol158,this song feels like it was written FOR zb1,3,2026-05-24 10:46:22 UTC
@white_breath,2:00 진짜 이 파트 매튜가 중심잡아주면서 대형도 안정감 들면서 쾌감 미침...,0,2026-05-20 23:08:22 UTC
@eessie09,I REALLY LIKE THEIR MAKE-UP THIS COMEBACK! SO NATURAL LOOKING IT SHOWS THEIR HANDSOME FEATURES VERY WELL!!!!❤❤❤❤❤,0,2026-05-21 11:36:53 UTC
@BulandKhan-v1o2c,Iconik performance,2,2026-05-29 05:55:02 UTC
@kryztalkarizma,so proud 🩵,1,2026-05-21 12:50:01 UTC
@ちょことるたー,目が幸せ,1,2026-05-21 07:59:33 UTC
@martinezmedinaarantxaeliza4392,Wooooooo 🎉❤,3,2026-05-29 05:58:29 UTC
@fswowds,its just gets better with each viewing pure addiction oh myy,1,2026-05-20 21:21:08 UTC
@hanni.hourrr,I'm so very proud of each of the members!,1,2026-05-21 00:11:48 UTC
@fluffyparkji,one of my fave choreos from them!!!!!!! jiwoong you're an absolute dancing machine,0,2026-05-21 01:11:50 UTC
@Eclimse9,"Todos lo hicieron genial 🎉
Son increíbles 
Zeroses hay que hacer su canción sea un TOP",2,2026-05-21 01:49:48 UTC
@weiziyu-y5c,they are indeed the top 5 in my heart,0,2026-05-20 17:39:03 UTC
@alwaysWKM,세상의 온갖 멋 간지는 제베원이 씹어먹음,1,2026-05-21 10:57:11 UTC
@BulandKhan-v1o2c,My favorite top five,3,2026-05-28 06:03:47 UTC
@m.a-e4e,KIM TAERAE YOU ARE AMAZING,1,2026-05-21 02:54:52 UTC
@cwcwc-r2l,와 김태래,2,2026-05-20 18:27:28 UTC
@2001.o_o,ZB1 THE BEST EVER,2,2026-05-20 20:58:47 UTC
@JangmiCherry,"An honest thought from zerose since predebut, them separating made a way for them to shine independently. I bet it is the same with the YH boys. I guess this change is not a bad thing at all…",1,2026-05-21 13:57:22 UTC
@ちょこ-q3c,ありがとう,2,2026-05-21 02:16:47 UTC
@マツコ-p4x,中毒性があってどハマリ。サビのテレの声がドンピシャ過ぎて心地いい！,2,2026-05-20 21:36:51 UTC
@jocelynphuong4464,"Help XD I was literally considering the idea of getting tickets to KCON LA at first after seeing that ZEROBASEONE is in the lineup when I only really started watching videos of them yesterday LOL!!! And I only started watching videos of them performing today too 😅🤣 All the videos I watched of them yesterday were just of them being silly and stuff 😂😂 I did see ZEROBASEONE and AND2BLE a little while ONEWE was promoting ""ICARUS,"" but that's it 😆",2,2026-06-14 21:18:56 UTC
@feinatz,THE SONG AND CHOREO COOKS SO WELL,0,2026-05-21 10:29:40 UTC
@tyy-aa,석매튜 사랑해❤제베원 대박나자❤,1,2026-05-21 00:42:50 UTC
@forand2ble,THE SONG IS SO GROOVY AND IM SO ADDICTED OMG,1,2026-05-22 20:01:28 UTC
@rusdialwi1578,Maknae center ❤❤❤❤ semuanya jadi bersinar top 5 ❤❤❤❤,1,2026-05-21 05:12:54 UTC
@BulandKhan-v1o2c,Zerobaseone,2,2026-06-02 09:13:34 UTC
@hustleginn1457,Vocalbaseone,2,2026-05-21 03:25:22 UTC
@3utiara,I LOVE THIS SONG😣❤️‍🔥,3,2026-05-24 03:45:47 UTC
@mattbin_Ami,可愛いのにかっこいい,2,2026-05-21 13:20:47 UTC
@美しくきれいな桜,本当にすべてが完璧です,0,2026-05-20 18:39:05 UTC
@adilina-g5f,I love the choreography,2,2026-05-27 04:14:50 UTC
@Greater_3,한빈이 스타일  너무 촣아❤,2,2026-07-23 20:15:14 UTC
@dckim5787,jiwoong ❤❤❤❤,2,2026-05-21 02:39:49 UTC
@ThereIsNoWaste,"진짜 멋지다! 노래도 좋고, 분위기가 뭔가 아련하게 그리운 듯한 그런 느낌을 일으키는..🪻",1,2026-05-31 11:58:32 UTC
@美しくきれいな桜,ずっと繰り返し見たいです,1,2026-05-20 18:41:52 UTC
@tentwenty-foureighteen8888,"So sleek... I love this choreography~! 😊
I like the song as well and it keeps growing on me.",1,2026-05-24 12:04:46 UTC
@jebesrae,the mcountdown stage has also been released. don't forget to watch it too,0,2026-05-21 12:19:37 UTC
@kthcnvs,ES QUE LA PRESENVIA ESCENICA QUE TIENEN LOS 5 OMFG,2,2026-05-20 21:08:11 UTC
@wooknana,woah kim taerae,3,2026-05-22 00:56:43 UTC
@loworna,zerobaseone i love you,1,2026-05-20 19:39:52 UTC
@STAYSKZOO-m3l,"All my love, care, and encouragement to you. Wishing you continued success and all the best. May your future be bright, happy, and full of opportunities. Congratulations to you all. ❤",2,2026-06-14 16:00:45 UTC
@Soooooo-c9e,아니 처음 들었을땐 딱히 아무 생각도 없었는데 이어폰 끼고 들어서 그런지 겁나 빵빵하게 들으니까 노래 개좋음 2:00 석매튜 목소리 개좋음 화질도 좋아서 눈도 즐겁고 김지웅 목소리 개잘어울림,2,2026-05-21 10:51:22 UTC
@idkilovericky,"peak simply peak, they all did so well",1,2026-05-22 17:46:26 UTC
@ajecian6324,absolute INSANITY,0,2026-05-21 06:24:14 UTC
@STAYSKZOO-m3l,저는 그들을 모두 사랑합니다. 그들은 최고예요. 정말 놀랍고 아름답고 창의적이에요. 여러분 모두가 너무 자랑스럽습니다. ❤,2,2026-06-14 16:01:33 UTC
@win92816,"태래 진짜 멋있다, 어떡해? 
이 컨셉 짱~ 태래 파트 중독해 😍🫠💙💙",0,2026-05-20 19:52:04 UTC
@page.anee_,ESTOY OBSESIONADA,1,2026-05-21 01:36:46 UTC
@pointseventhree,I'm OBSESSED.,1,2026-05-21 22:45:06 UTC
@bunnyz1712,UGHHH EVERYONE LOOKS SOOO GOOD AND THEY STAND OUT INDIVIUALLY LOVE THIS CONCEPT SM <33,1,2026-05-23 19:00:00 UTC
@mntchocosun,"El primer performance en studio choom de zb1 como 5 miembros, i’m not strong 😭😭❤️‍🩹❤️‍🩹",2,2026-05-22 12:02:32 UTC
@veriannna,oh they are eating this shit up,1,2026-05-21 13:35:31 UTC
@BulandKhan-v1o2c,Your the list of my top favorite,2,2026-05-24 07:41:56 UTC
@taouafzina2077,"Wonderful, they all overflow with every kind of charm and allure.",0,2026-05-21 00:11:40 UTC
@irenedelsanto,"oh my, in in loveeeeeeeeeeeeeeee",1,2026-05-20 19:27:53 UTC
@BulandKhan-v1o2c,Performance of the year,1,2026-06-01 07:22:03 UTC
@thensoarewe,MMM THIS SONG SUITS THEM SO WELL,0,2026-05-21 07:01:07 UTC
@zhsbae2,i am so proud of them thank you🙏,1,2026-05-20 18:27:08 UTC
@romi-sl8rs,I love this song,1,2026-05-21 01:03:09 UTC
@よたん-l1l,ほんまにTOP5神　ステージカッコ良すぎる,1,2026-05-20 20:12:25 UTC
@Grace-sr4kv,I LUV THE CHOREO ITS SO SATISFYING,0,2026-05-21 00:28:26 UTC
@美しくきれいな桜,みんなのビジュアルがすごいね,1,2026-05-20 18:42:31 UTC
@물과나,"제베원  TOP5  멋지당 👍👍👍👍👍
TOP1 가즈야❤❤❤❤❤🎉🎉🎉🎉🎉",1,2026-05-20 23:37:09 UTC
@Zhanghao-r9u,Soo Many Views ❤,2,2026-05-21 20:32:03 UTC
@kimsunz1,They are so handsome!! I also LOVE the choreography so muchhh,0,2026-05-20 23:39:35 UTC
@JJ-xe5jx,"2:00 SO SO SATISFAYING 😍🔥
Like this song cause this scene sneakpeak",0,2026-05-21 01:38:10 UTC
@ara21095,Zeroses full stream por favor en este vídeo y en el Mv TOP 5,2,2026-05-21 04:14:45 UTC
@Karinehilarious101,such great choreo and presence!!,1,2026-05-20 20:53:51 UTC
@clair9482,Ohh they just look too good,2,2026-06-01 00:13:17 UTC
@Binnie_Key,Vocalbaseone,2,2026-05-27 00:57:24 UTC
@yourmarsbar,I loveee this song and choreography!! Everyone stands out so much,1,2026-05-20 19:00:54 UTC
@lunar..eclipse,2:39 Taerae’s eyebrow raise was on beat 😍 he looks sooo fine,1,2026-05-20 19:44:39 UTC
@sitarahussain9879,Also Top 5 is so catchy,0,2026-05-20 19:11:01 UTC
@ivanaaluhe,"Me gusta mucho esta canción, sus visuales son woooow, la vd muy buen comeback, no me puedo sacar la canción de la cabeza",3,2026-05-21 03:17:34 UTC
@BulandKhan-v1o2c,Zerobaseone,2,2026-05-24 07:40:01 UTC
@cmtbs28,They are so elegant and handsome ;),1,2026-05-21 16:53:47 UTC
@yunapapu630,ゴヌクのダンスが本当に好きすぎる,1,2026-05-22 07:48:22 UTC
@Binnie_Key,Zerobaseone perfect ❤‍🔥❤‍🔥,2,2026-05-26 04:20:22 UTC
@aeriflow,oh my god i need to see this live asap,0,2026-05-20 20:53:27 UTC
@杉本百太郎,かっこいいZB1💙,2,2026-05-21 03:29:49 UTC
@KaungKaung-o5i6j,Zb1 is zb1 🎉🎉😊😊,2,2026-05-28 05:08:11 UTC
@tyy-aa,스타일 다 미쳤네,1,2026-05-20 21:35:46 UTC
@strawberi1928,this song is too good zb1 you are too cool 🔥,1,2026-05-20 20:49:20 UTC
@Aiirinn431,OUR 5❤‍🔥,2,2026-05-22 14:33:10 UTC
@jest599,they nailed thiss comeback! let's work hard to shower them with love~,0,2026-05-21 11:42:33 UTC
@bleh__9738,I am so sad that I discovered them from the news of their contract end and split. I guess I'll have double the amount of songs to listen to now. 😭,1,2026-06-23 18:47:05 UTC
@Kuri7892,"no wonder the choreo is so fire !!! thx Nick ^^
ZB1 FIGHITNG !!!!",0,2026-05-21 00:31:04 UTC
@caratcake1,I’m so happy for all of them! Such an amazing debut and song!,0,2026-05-20 19:41:24 UTC
@ara21095,Quiero seguir apoyándolos y escuchando su música por mucho tiempo,2,2026-05-21 23:43:33 UTC
@Io_oITori,This song is so good🔥,1,2026-05-20 19:57:36 UTC
@zerose_allin,Zerobaseone I love you,0,2026-05-21 05:49:02 UTC
@まり-m2v,かっこよすぎて訳わからんくなる。,1,2026-05-20 23:40:48 UTC
@angelbabyau,damn this comeback. it's fucking good.,1,2026-05-21 06:39:04 UTC
@julidu,Eles estão maravilhosos demais nessa performance!!!,2,2026-05-23 12:44:55 UTC
@erlinadewi2939,"My favorite top 5 banget kalain uri jebizz, zerose ayo kita vote sebanyak banyaknya di program musik kita kasih gacor ini comeback seperti biasanya kalo bisa harus lebih luar biasa lagi, biar mereka win banyak ayooo semangat yaaa ❤❤",1,2026-05-22 12:09:30 UTC
@Kim-Yimi,omg top5,1,2026-05-21 05:10:30 UTC
@hakoro51,"TOP5と同じく、かっこいい😎
癖になる曲💕
次はAND2BLEの番だよ！
let's go〜！💙",1,2026-05-29 03:19:44 UTC
@ladybird7515,Kim Taerae ❤❤❤,3,2026-05-21 09:38:55 UTC
@Carol_Nara,"Eu não sabia que PRECISAVA do ZB1 nesse conceito, até ter o ZB1 nesse conceito. Combinou tanto com eles, a música e coreografia destaca todos em algum momento. Eu tô obcecada por TOP5, não consigo parar de dar replay.",1,2026-05-20 21:24:06 UTC
@magicalgirlwins,i just love this so so so much,1,2026-05-20 18:15:11 UTC
@kiholdd,THIS IS SO PEAK.,0,2026-05-20 22:46:12 UTC
@setset2097,Zebe is so amazing boy gp that I have standed,1,2026-05-31 13:50:53 UTC
@zzz-wn3up,사랑해,3,2026-05-24 08:53:17 UTC
@JacquelineCoyoca,"i love it the song, the lyrics, the vocals , choreo iloveeeee everything about this song lets go zb1 ❤",1,2026-05-21 13:13:20 UTC
@patriiicg,omg they did this so great,1,2026-05-20 21:03:43 UTC
@dokkaebiw,BANGGA BANGETT 🥹🥹,1,2026-05-22 06:39:21 UTC
@Flange091,oma oma oma they are my TOP 5 for sure,0,2026-05-20 18:20:24 UTC
@joyridenightride,LITERALLY KINGS 💖💖💖,0,2026-05-21 06:37:40 UTC
@reimatthew1122,ましゅー！！！,2,2026-05-31 21:41:17 UTC
@jannyh2328,"이번곡 너무 좋다ㅏㅏㅏㅏㅏ
김태래는 왜 섹시하고 난리야??....",0,2026-05-21 08:49:43 UTC
@hkk4388,화이팅~!!!!!!,1,2026-05-20 22:52:05 UTC
@TWillTooReal,Ayyyyeee 🔥🔥🔥🔥,2,2026-05-21 00:27:21 UTC
@nyomi2105,노래 좋고 안무 좋고 잘너지고,1,2026-05-21 12:41:07 UTC
@sakura2zeros21,태래님 음색이 너무 좋아요! 곡도 지금까지 곡들중에 최고인것 같아요. 앤더블 신곡도 들었는데 역시 태래님 음색이 좀더 취향이네요.,2,2026-06-01 12:11:39 UTC
@ookinaokuti5,かっこいいいいい！！,1,2026-05-20 20:06:08 UTC
@lanternishmypacenananana1805,i really like this song. the second one i heard from start to finish from zb1,2,2026-05-28 02:38:22 UTC
@Aphadrion,MATTHEW 🤩🤩🤩,3,2026-05-21 16:32:01 UTC
@BulandKhan-v1o2c,I am so proud of them they did so well,1,2026-05-23 17:45:01 UTC
@Zhanghao-r9u,0:53 min Reminds me of Duang with you 😂,1,2026-05-20 20:52:06 UTC
@aringt,my five cool guys,1,2026-05-20 21:50:21 UTC
@zerobaseone_kz,YAAAA MY FAVSSSS🩵🩵🩵,1,2026-05-21 04:48:55 UTC
@alleightsenses,My first time stanning a group bit lost but loving it,0,2026-05-20 19:02:52 UTC
@rharu6941,loooooooooving this,1,2026-05-20 20:32:00 UTC
@crazymuffin2066,Son tan guapos me encanta este concepto,2,2026-05-21 21:06:06 UTC
@byeolsung811,Hanbinnie is so handsome,1,2026-05-20 23:34:39 UTC
@annie_ma13,얘들아 다들 멋있다!!❤,0,2026-05-21 09:43:18 UTC
@mars5529-l8h,박건욱 너무 잘한다 역시 메인댄서다워,3,2026-06-21 19:21:01 UTC
@dindanurafifah7754,everyone doing really great 😢😢,0,2026-05-21 01:35:41 UTC
@Nian_To,I Love u Jiwoong 🖤,1,2026-05-21 03:26:11 UTC
@SabsabLee14,THIS SONG IS JUST SO ADDICTIVE!!!!!,1,2026-05-22 20:35:24 UTC
@nonlili,WOWOWOWOWOOWOW AHHHHHHHH,1,2026-05-20 20:30:05 UTC
@ssstarplatinummm,dont they know im insane,0,2026-05-21 08:41:14 UTC
@nyomi2105,스춤은 역시 달라,1,2026-05-21 12:40:12 UTC
@rinanoshi,五個人一起脫外套我要先看誰😻😻大家都超棒我們ZB1一定會繼續光彩耀人的💖💖,1,2026-05-21 08:14:22 UTC
@user-pola9316,"TOP5🔥🔥😍
這個妝造很簡單，但大家都很帥",1,2026-05-20 19:14:08 UTC
@sungnna,TOP5❤,3,2026-05-24 04:03:58 UTC
@ea37264,So good,0,2026-05-21 00:44:44 UTC
@channelmyeong,하이고 응원합니다,1,2026-06-03 01:34:59 UTC
@zerose_allin,Such a good song,0,2026-05-21 05:49:22 UTC
@lidiomarbarbosa5330,Parabéns,2,2026-05-24 00:40:33 UTC
@user-jjjjjjjjjje,매튜 언제 으른 됐어 ㅠㅠ,2,2026-05-26 14:44:56 UTC
@BulandKhan-v1o2c,My favorite performance,1,2026-05-23 17:44:41 UTC
@lanak7038,So good,0,2026-05-21 05:42:34 UTC
@RebeccaPark-gu9vw,백만딱지 주세요,2,2026-05-22 18:28:32 UTC
@BulandKhan-v1o2c,My top 5 favorite,0,2026-05-21 06:04:39 UTC
@karenarhu,"Jiwoong
Hanbin
Matthew 
Taerae
Gunwook
I love zb1 ❤",2,2026-06-02 01:48:44 UTC
@violezahard5796,my top 5,0,2026-05-20 17:46:33 UTC
@lettersforgunwook,Gunwook i love you 💙💙💙💙💙💙💙,1,2026-06-18 17:08:22 UTC
@Cheesecake_613,성한빈 입덕,1,2026-05-21 06:26:33 UTC
@zerose_allin,Zerobaseone saranghaeyo,0,2026-05-21 09:15:13 UTC
@PeroltaStremcha,"Your videos are always so helpful, thank you!",1,2026-05-26 17:37:37 UTC
@peraperq,todos se ven taan bien en este comeback,1,2026-05-20 22:41:42 UTC
@Brunno_off,"É Hit, Zerobaseone os maiorais❤",1,2026-05-21 01:29:32 UTC
@Missaqi웅,Crazy visuals! I love you zb1 ❤,0,2026-05-21 00:16:08 UTC
@saeun-sec5,Top 5,2,2026-06-02 08:42:26 UTC
@digitalnomad916,Great song!! ❤❤❤,0,2026-05-21 05:37:06 UTC
@KalineCorrea,"perfeito, maravinhoso, incrivel  amei cada parte do mv",1,2026-05-22 16:30:28 UTC
@АнельДаркенбайқызы,The lyric😌,0,2026-05-21 08:13:19 UTC
@Binnie_Key,Top 5,0,2026-05-21 00:55:38 UTC
@ZB2BLE-z9i,"Me Listening the song No Stop
● ━━━━━━───────
⇆ ㅤ ㅤ ㅤ ㅤ ◁ ㅤ ㅤ ❚❚ ㅤ ㅤ ▷ ㅤ ㅤ ㅤ ㅤ ↻.",3,2026-05-24 18:36:14 UTC
@kaisermartha,SO ICONIK I LOVE YOU ZB1,0,2026-05-20 20:03:28 UTC
@月葉山,"最高ょ
ありがとうございます",1,2026-05-20 19:59:29 UTC
@Binnie_Key,Top 5,1,2026-05-21 09:35:52 UTC
@mrsallognon,Zerobaseone ❤❤,1,2026-05-20 21:31:28 UTC
@mrsallognon,Zerobaseone ❤❤,1,2026-05-20 21:30:28 UTC
@mrsallognon,Zerobaseone ❤❤,1,2026-05-20 21:31:28 UTC
@lari5sarc,Essa música é muito viciante 😍,1,2026-05-22 00:54:15 UTC
@yunapapu630,ビジュアル天才,0,2026-05-21 11:20:47 UTC
@jhaiixxi,ily all lets go zerobaseone ❤,1,2026-05-23 12:03:19 UTC
@zerose_allin,Top 5,0,2026-05-21 05:49:13 UTC
@Gi-vj6tq,Masterpiece!❤,0,2026-05-20 22:17:09 UTC
@Binnie_Key,Zerobaseone top 5,1,2026-05-23 08:00:11 UTC
@BulandKhan-v1o2c,Oh oh oh oh oh,1,2026-05-23 08:39:57 UTC
@BangEnBoyTeam24,Seok Matthew❤❤❤,1,2026-05-20 20:10:04 UTC
@olate1006,I love this song,1,2026-05-22 16:46:08 UTC
@ssunflowing,Taerae is a lot more handsome oww 😍,4,2026-06-09 03:29:27 UTC
@senabitna,the visuals,1,2026-05-22 06:02:51 UTC
@ainhoasalinassanchez3259,"Zerobaseone los reyes del Kpop!
✊✊✊✊✊✊✊✊✊✊✊✊✊✊✊✊✊✊❤❤❤❤❤❤❤❤❤❤❤❤❤❤❤❤❤❤",0,2026-05-21 09:31:22 UTC
@manuelasaraiva8488,😍😍😍,2,2026-05-22 22:20:24 UTC
@feinatz,TOP 5 SO PEAK,0,2026-05-21 10:27:31 UTC
@Emmy-jv2zp,"Que increíble son 
Bailan, cantan muy bien, que lo que no pueden hacer",1,2026-05-21 01:40:21 UTC
@zerose_allin,❤,3,2026-05-30 00:47:41 UTC
@romi-sl8rs,HANBINN,2,2026-05-22 02:26:09 UTC
@LiveLeaf-xs7wy,Love them....,1,2026-05-20 17:40:56 UTC
@hellotohopeworld,Total slay.❤,1,2026-05-21 04:50:25 UTC
@kariaries8151,~ Top 5 ❤️‍🔥 ~,4,2026-05-27 20:52:32 UTC
@xvcr1,MY BOYS 😭🤍🤍🤍🤍🤍,2,2026-05-26 13:38:59 UTC
@tyy-aa,매튜 존잘이다,1,2026-05-20 21:35:21 UTC
@eth-g5t,i love this song 😶,0,2026-05-20 23:29:50 UTC
@finkydang522,2M,4,2026-05-28 15:02:13 UTC
@Kapichaee,❤,2,2026-05-22 03:38:35 UTC
@EN_CORTIS_ALD1,HANDSOME BOYS🖤🖤🖤.,0,2026-05-21 00:24:30 UTC
@BulandKhan-v1o2c,"I love the video
Top5",1,2026-05-23 07:00:39 UTC
@blueisnotsad,This is amazing 🤩,0,2026-05-21 07:07:22 UTC
@user-gy6jk5bp9m,何度見ても飽きない,0,2026-05-20 23:57:13 UTC
@iFrankOceanB,SO PROUD MY JEBES,0,2026-05-20 23:01:01 UTC
@JenniferDeng22,So cool!,0,2026-05-21 12:06:27 UTC
@LilyChen-w8i,Love zb1,2,2026-05-21 03:29:03 UTC
@tonnygalharde,"perfect, brazil loves u <3",0,2026-05-20 19:02:26 UTC
@claudiajhoanaramirezzuniga7766,ZB1 nunca decepciona con tremendos temazos,1,2026-05-22 03:23:55 UTC
@aimeearmentacota8193,Perfection 💙,0,2026-05-25 15:16:40 UTC
@Binnie_Key,Zerobaseone❤,1,2026-05-20 22:23:58 UTC
@wendy7746,They are my top 5 favorites,1,2026-05-31 21:12:42 UTC
@黒髪黒髪,大好きです。,1,2026-05-27 13:59:16 UTC
@remr0s3,jebeWON,1,2026-05-31 19:09:40 UTC
@lyynn-010,why does taerae look extra good here..,1,2026-05-20 22:42:28 UTC
@pensangrumba6888,oh lord.,1,2026-05-21 04:52:38 UTC
@mybeautifuldarling,Why they do Gunwook like that with that ending fairy?? 😅,1,2026-05-20 20:09:03 UTC
@BulandKhan-v1o2c,My top 5 favorite,0,2026-05-21 06:04:01 UTC
@ara21095,Zeroses sigamos haciendo stream pliss en el MV también por Spotify en Stationhead,1,2026-05-21 23:42:09 UTC
@MCG-U,OMFG KIM TAERAE,1,2026-05-20 23:30:20 UTC
@BulandKhan-v1o2c,Talentbaseone,1,2026-06-01 08:15:36 UTC
@mrsallognon,Zerobaseone ❤❤,0,2026-05-20 21:29:31 UTC
@anakwon,kim taerae is so handsome ㅜㅜ,1,2026-06-03 00:23:24 UTC
@ovicqsxz,I love zb1,0,2026-05-20 23:04:45 UTC
@ZB1PERMANENpls,OMGGGG EAT THATTT 😝😝😝💞💞,1,2026-05-22 10:03:06 UTC
@Adrihe.,Они потрясающие,1,2026-05-23 16:42:59 UTC
@GyeomDan,✨️🐹🐱❤️✨️🐥💛,2,2026-05-21 01:46:19 UTC
@nayeolgyu,zerobaseone ❤,1,2026-05-21 17:47:41 UTC
@patricianieto8317,Wow..tan guapos...mucho amor super cancion...suoer cporeografia..!!..LET ' S GOO ZEROBASEONE...🇦🇷😃🇦🇷💪🎇,0,2026-05-21 00:32:15 UTC
@zerose_allin,Top 5 ❤,1,2026-05-27 07:21:15 UTC
@zhguriii,They look so good❤,0,2026-05-21 10:41:52 UTC
@kimshi7497,They're so fantastic!!! :D,0,2026-05-20 22:05:37 UTC
@Binnie_Key,So cool,0,2026-05-21 09:34:31 UTC
@4ntifra4gile,"EYYYY,",3,2026-05-27 15:48:42 UTC
@ZinMayOo-jq1rm,Wow ❤❤❤❤❤,0,2026-05-20 17:46:43 UTC
@electrichearts,GUNWOOOK OH MY GAWD,1,2026-05-28 00:29:48 UTC
@katherineperez1834,kim jiwoong zb1 good job,1,2026-05-21 03:27:46 UTC
@Linda_moo,All visual,0,2026-05-21 00:15:49 UTC
@뿡뿡이여친,아사랑해,0,2026-05-21 01:39:26 UTC
@micaelamarianaolguintorres1814,Esta canción es muy buena,1,2026-05-20 18:04:16 UTC
@Belle-x4e,Son.  Los.  Número.  Uno.  En.  Todo.  Tiempo😅🎉❤,1,2026-05-20 19:25:27 UTC
@cwcwc-r2l,the best fcking zb1 song ever,1,2026-05-24 13:30:56 UTC
@kirabin,BANGER! 🔥,3,2026-05-27 15:55:18 UTC
@BulandKhan-v1o2c,Oh oh oh oh oh,0,2026-05-25 09:54:46 UTC
@Gracielauniverse,Las personalidades de mis favoritos estan preciosos,1,2026-05-23 14:29:36 UTC
@maryeahluv,LOVE ITTTTTTTTTTTTTTT,0,2026-05-21 12:20:12 UTC
@minadanger7701,i loveddd thia,1,2026-05-21 22:44:44 UTC
@uurory,Omgg🤯,1,2026-05-20 23:10:52 UTC
@jooyae_kim,"top 5 1위 가자💙
컴백 축하해💙
제베원 사랑해💙
성한빈 김지웅 석매튜 김태래 박건욱 사랑해💙💙💙",2,2026-05-21 11:33:20 UTC
@anahkhasanah4767,luv it so muchhh,0,2026-05-20 19:11:54 UTC
@user-ih1ye6yd9v,❤,3,2026-06-17 10:41:54 UTC
@myplayground1159,เท่สุดๆ ไปเลย,0,2026-05-21 18:03:32 UTC
@tyy-aa,오오오 오오 오오오,1,2026-05-20 21:36:04 UTC
@youth_cat,와우 제베원 미쳤다. 김지웅..ㄹㅈㄷ,0,2026-05-21 00:59:14 UTC
@micaelamarianaolguintorres1814,Esta canción es arte,0,2026-05-20 18:03:58 UTC
@kimjiwoongprotector,"Lagunya sbentar bgt, nagih",0,2026-05-20 22:47:44 UTC
@EchanteDante,THEY ARE ALL SOOOO HOT!!!!,1,2026-05-21 17:25:08 UTC
@bloebleub,Taerae bro,2,2026-06-10 14:48:35 UTC
@byeolsung811,Can't get enou6of hanbinnie,1,2026-05-22 02:21:07 UTC
@Djskakqv,나타팬인데왜여기까지왓지,1,2026-05-21 09:17:14 UTC
@장예원-j5d,사랑해요,0,2026-05-21 01:37:08 UTC
@dannyordonez4167,bastaaaaaa me hacen sentir cosas de mujeeeerts  ( ꈍ◡ꈍ) el grupo mas visual verdaderamente,1,2026-05-22 16:45:30 UTC
@taemyway,🔥🔥🔥🔥,1,2026-05-21 09:14:43 UTC
@guesswhoisme114,SUNG HANBINN,1,2026-05-21 09:17:06 UTC
@Binnie_Key,Top 5,1,2026-05-26 16:43:08 UTC
@haotheracoon,They ate,0,2026-05-21 14:43:55 UTC
@amishanbin,stream TOP 5 MV <3,1,2026-05-20 22:01:23 UTC
@wooknana,I love their performance <3,2,2026-06-01 13:11:47 UTC
@hanbinninda1315,kecanduan top5,0,2026-05-21 14:43:12 UTC
@sreelekshmiachu,❤😮oo my god they look so damn petty,1,2026-05-22 18:28:06 UTC
@Binnie_Key,Sung Hanbin,2,2026-05-26 16:43:17 UTC
@zerose_allin,❤❤,2,2026-05-26 08:31:18 UTC
@brunocostaofficial,Tô amando ainda mais!,0,2026-05-21 06:50:45 UTC
@STAYSKZOO-m3l,2026❤,2,2026-06-14 16:00:11 UTC
@tyy-aa,매튜 눈빛 도랏,0,2026-05-21 00:42:35 UTC
@el2858,should have been glasses hanbin 😔😔😔,1,2026-05-21 19:05:15 UTC
@wnana1001,*NSYNC’s Korean sons,2,2026-05-30 09:13:15 UTC
@sparklypri,taerae in all black does something to me,2,2026-05-22 14:30:46 UTC
@iGot7WizOneStayArohaOnceOneIt,Simply so hot! 🔥😢,1,2026-05-26 22:45:00 UTC
@lwinhaymanoo1396,VERY PERFECT!!!!!,1,2026-05-27 15:31:27 UTC
@jorgesoberano7227,My top 5 favorito 💙,1,2026-05-20 22:19:08 UTC
@howareutarae,love how u can tell gunwook is really feeling himself,1,2026-05-22 11:53:24 UTC
@BulandKhan-v1o2c,Top5,0,2026-05-21 06:03:36 UTC
@frjp23,"まじ何もかもおしゃれ
曲、スタイリング、振り付け
特にジウンさんの大移動大好き",2,2026-05-24 02:33:59 UTC
@milydoli,meus maiores orgulhos,1,2026-05-21 22:34:31 UTC
@finkydang522,Str51m The nearest goal of 500K is achieved within the next 2 hours. let's go,2,2026-05-21 01:59:14 UTC
@kirabin,🔝🖐,3,2026-05-27 15:52:41 UTC
@violezahard5796,Taerae esta tao lindo,1,2026-05-20 17:47:14 UTC
@AnnanyaRana-d6m,"oh this collective slay, I am on my KNEEESSSS",2,2026-05-20 17:29:02 UTC
@JhonreyBolon,GOATS,2,2026-05-28 16:29:50 UTC
@Yutingrae7,zb1❤❤❤,0,2026-05-20 17:35:40 UTC
@That_lady_Styles,Sexy vampire Jiwoong ❤❤❤,2,2026-05-22 12:24:40 UTC
@zerose_allin,❤,2,2026-05-24 22:36:21 UTC
@mangojeiui,AAAAA,1,2026-05-20 19:26:56 UTC
@maryumsheikh2893,HANBIN LET ME HIT PLEASEPLEASEPLEASEPWLSE,1,2026-05-26 23:05:09 UTC
@Chan-kp3yb,This song is so Jiwoong coded,2,2026-05-21 09:23:13 UTC
@yujinlyx,超級帥…,0,2026-05-21 08:52:14 UTC
@Lෆve,태래는 칭찬감옥 종신형,1,2026-08-09 06:24:59 UTC
@horanghaesoonyoung4692,TAERAE OMG,2,2026-05-20 18:02:56 UTC
@Betweenmarsandjupiter,The way I can see EVERY SINGLE MEMBER so clearly and I remember all their parts 😌🤏🏻🤏🏻,0,2026-05-20 18:33:32 UTC
@natynaat,Jiwoong te amo precioso ❤,1,2026-05-28 05:35:21 UTC
@ATINY_ATEEZ101,❤❤❤❤❤,0,2026-05-20 17:32:40 UTC
@J.M_BE,💙💙💙💙,0,2026-05-20 20:08:34 UTC
@careli7420,"1. ngelihat mereka as 5.. baru dan aneh. semoga segera terbiasa.
2. lagunya enak bangettt
3. seperti biasa, sinkron ga pernah mengecewakan 
4. lagunya keren bangettttt
5. ada yang kurang, kurang lama durasinyaaaaa",1,2026-05-23 17:45:09 UTC
@kazumaaaa,❤❤,0,2026-05-20 17:41:19 UTC
@irmavaldes-l4k1n,i’m obsessed with jiwoong,2,2026-06-13 17:39:57 UTC
@zerose_allin,❤❤,2,2026-05-28 21:20:26 UTC
@zerose_allin,❤,1,2026-06-01 21:38:15 UTC
@amikookie8433,Wowwwwwww ameeeeeee hanbinn teamoooooooo❤❤❤❤❤,1,2026-05-22 00:04:47 UTC
@feliceadela,❤❤❤❤,1,2026-05-22 08:12:51 UTC
@BulandKhan-v1o2c,Jiwoong,1,2026-05-31 01:25:30 UTC
@geegeegee1,"it took me a long time to stop mourning jay chang, but today, these boys have proved they are so freaking talented i might stan",1,2026-05-21 12:20:49 UTC
@butterfly_13613.,KIM JIWOONGG 🫦,1,2026-05-20 19:59:55 UTC
@ivysan2005,❤❤❤❤❤,0,2026-05-21 10:43:11 UTC
@skysky2599,❤❤🎉🎉🎉,0,2026-05-21 08:46:07 UTC
@takashi602,❤❤❤,0,2026-05-21 14:00:00 UTC
@BrielaKim,"The boys did very well after everything they went through, zb1 remains an iconic 



* I hope someday we can see the 9 of them together again, even if it's just for anniversaries or reunions.",0,2026-05-21 00:04:22 UTC
@coreythis.coreythat,❤❤❤❤❤❤❤❤❤❤❤❤,1,2026-05-25 19:23:27 UTC
@bruhzizi,"I loveee them so much omlll, the song, choreo is chef's kiss, taerae's voice esp wthhh",1,2026-05-22 12:35:07 UTC
@kyawtkay306,ZB1 TOP,0,2026-05-21 10:25:38 UTC
@na-ming_,스춤 비하인드도 꼭 쥬시는거죠…?매일 기다리고 있어요🥹🫶🏻,0,2026-06-02 03:00:44 UTC
@yaquelinsanchez20,Excuse me Mr Jiwoong? 🫠❤️‍🔥,2,2026-05-22 05:31:10 UTC
@lherq.,holy,1,2026-05-30 00:18:23 UTC
@febbymv,Jujur sih lagunya pas banget bisa ngehighlight masing-masing member,2,2026-05-24 11:51:42 UTC
@bbii777,태래 더 잘생겨졌네 ㄷㄷ,0,2026-05-21 08:37:17 UTC
@BulandKhan-v1o2c,Why it's stop on 1.4M,1,2026-05-24 15:08:58 UTC
@yaeloanedp,"j'ai été très triste quand le groupe a été séparé mais au final je trouve qu'ils sont encore plus mis en valeur à 5 et ont plus de lignes à chanter
et enfin Jiwoong on entend les vraies couleurs de sa voix et ses compétences 
ce morceau est super sur tout les points et très mature
une zérose 🌹🇫🇷💗",1,2026-05-26 04:41:42 UTC
@최보민-k5r,信じられない,2,2026-05-27 12:47:33 UTC
@feinatz,hanbin one chance,1,2026-05-21 10:30:09 UTC
@Futata-r5l,Hanbinnie,1,2026-05-20 23:18:20 UTC
@timbermichaud9535,I have no bias.. 😳😍,1,2026-05-26 04:15:49 UTC
@ThereIsNoWaste,0:50        1:40,2,2026-06-06 16:53:12 UTC
@evee971,Omg taerae is so handsome!,0,2026-05-20 23:46:19 UTC
@user-hl4zx2cu5s,"てれてれだけインナーの腕が長いの解釈一致すぎてありがたい😭
てれてれだいすき😭😭😭",0,2026-05-23 12:03:03 UTC
@nekomomo-fm1ed,シンプルなステージのぶん一人ひとりの輝がましてみえます,1,2026-05-22 11:45:55 UTC
@bluerose1904,THE GOATS!,2,2026-05-26 13:24:26 UTC
@danniea487,My babies are so grown now 😭😭😭💖,0,2026-05-20 22:01:05 UTC
@IrochkA-z9n,"1:31 Jiwoong's voice is so deep and audacious, I'm in heaven",1,2026-05-20 21:03:32 UTC
@STVNJLHAN,wait.. this is eargasm,0,2026-05-21 13:49:32 UTC
@iwholuvzb2ble,So proud of you babies🥹❤️,0,2026-05-21 00:14:53 UTC
@shuhodi,1:28 i live for the rapper jiwoong yall,1,2026-05-24 23:44:30 UTC
@Tadano-,マシューどこまでカッコよくなるつもりなの……😢🤍,1,2026-05-21 00:23:14 UTC
@Binnie_Key,Keep going,0,2026-05-20 22:24:30 UTC
@irxnicqq,zb1 after proving the haters wrong that after the split they'll still never produce skips,0,2026-05-20 22:13:42 UTC
@ThereIsNoWaste,"1:00  성한빈 씨처럼 부드럽게 하지 못하고, 태래가 재킷을 살짝 벗었다가 다시 급하게 입으면서, 옷깃이  태래 얼굴을 찰싹 때리는 게 왜 이렇게 귀엽지? 확대해보면 우낌. 😂  1:00 확대해서 보다보면, 곧바로 성한빈과 박건욱의 얼굴 공격이 나옴.⚘️",2,2026-06-08 14:24:40 UTC
@alfidanurfajri2886,"giliran lagunya selera aku durasinya sedikit:’
sukses selalu sayangku semuanya",3,2026-05-27 18:34:48 UTC
@iamtom27,Mereka berlima keren banget 😍🔥,1,2026-05-21 18:40:00 UTC
@lalallalalala987,SO COOL HSHSHSHS 🫣😍🔥,1,2026-05-21 13:18:46 UTC
@lwtxdfshsshsos,하루종일 이노래만  든는중. 이게 행복이다..,6,2026-06-04 08:01:10 UTC
@dollyrexic,THIS IS SO GAGGY,0,2026-05-20 20:09:42 UTC
@pointseventhree,give taerae his flowers NEOW,1,2026-05-21 22:49:46 UTC
@exol3355,"gunwook being unserious, why he kept doing that face (adorable)",0,2026-05-21 04:22:21 UTC
@Nini-rk9np,"This is the best hairstyle for Hanbin he looks so handsome, I've replayed this video many times because all members look so handsome here especially Hanbin his hairstyle is so giving, lots of love to zb1 and the hairstylist.. Also the song, the dance, the music are all perfect 100%",11,2026-05-20 21:58:56 UTC
@FlorencePWBangura,❤❤,1,2026-05-23 20:32:07 UTC
@桜もち-x5k,ハンビンのスタイリング好きすぎる,13,2026-05-21 00:23:07 UTC
@Kirarin_777,"サムネの破壊力やばい
かっこよすぎる😭💙",9,2026-05-20 21:55:42 UTC
@yfs0714,Love this performance and every member has their personal style❤ such a complete great work and Sung Hanbin just wow,6,2026-05-20 17:58:50 UTC
@beatrizalves6150,Divoooosss,0,2026-05-22 16:14:30 UTC
@糸草,全員スタイリング優勝。どうしたWK１,0,2026-05-21 16:49:41 UTC
@BulandKhan-v1o2c,Talentbaseone,0,2026-06-01 08:15:40 UTC
@BulandKhan-v1o2c,Talentbaseone,0,2026-06-01 08:15:40 UTC
@JangmiCherry,This rebrand feels strangely familiar,0,2026-05-21 13:52:59 UTC
@denruuu.x8797,Soafer good,1,2026-05-24 13:14:28 UTC
@Abvril-l6k,I love it so so much!! 💗,5,2026-06-03 15:07:10 UTC
@うたおきば-c2t,どうしよう最高最高最高最高最高最高最高,0,2026-05-20 19:01:09 UTC
@まり-m2v,すごいマニアックやけど1:16のメテュのダンス低くなるところめちゃくちゃ好き。あと、1:00のとこは本当にウェ－ブがキレイすぎて色気やばい。,0,2026-05-20 23:52:41 UTC
@Akansha-x5r,Jiwoong❤,1,2026-05-26 20:13:21 UTC
@pointseventhree,TAERAE OMG?!?,1,2026-05-21 22:46:09 UTC
@Army-x7g,Ameiiiii,1,2026-05-27 11:11:30 UTC
@alamsyahputra8874,DANG!!!!!,0,2026-05-23 05:44:50 UTC
@iamchison,zb1做得好👍,0,2026-05-20 18:49:46 UTC
@RebeccaPark-gu9vw,직캠 주세요,0,2026-05-20 23:39:43 UTC
@Mmmh-88,goats🐐🐐,0,2026-05-21 09:34:29 UTC
@roselevlloyd9306,Smartttt gilaaaaaa 🥹,1,2026-05-21 02:12:38 UTC
@nicholascage06,ateeeeeeeee down,0,2026-07-01 03:29:53 UTC
@Army-x7g,Ameiiiiiii,1,2026-05-27 11:11:25 UTC
@ferwoodz,"Hanbin just KNOWS what he’s doing, from every dance execution, facial expression, vocal range, speaking manners, a gentleman. That’s why his face is on so many brands. I was so happy to see him everywhere when I went to Seoul for encore. He is perfect.",10,2026-05-20 19:15:26 UTC
@hazy008,💜💜💜💜💜,0,2026-05-22 14:18:16 UTC
@АйнашЕдрисова-л4к,Айнаш Едрисова😅😅😅😅😅😅😅😅😅,1,2026-05-21 11:26:07 UTC
@zerose_allin,❤❤,0,2026-05-22 13:59:59 UTC
@zerose_allin,❤❤,0,2026-05-21 09:15:18 UTC
@zerose_allin,❤❤❤,0,2026-05-22 17:23:47 UTC
@ZinMayOo-jq1rm,❤❤❤,0,2026-05-22 16:45:08 UTC
@brunnamendes8474,❤❤❤❤,0,2026-05-21 19:57:02 UTC
@guesswhoisme114,hanbin is mine,4,2026-05-28 23:04:41 UTC
@raymundmateo8262,💗💗💗,0,2026-05-21 23:51:43 UTC
@ffgrr0715,❤,0,2026-05-20 23:39:40 UTC
@marrysakkkkkuyyyyya,0:53 레전드파트시작,1,2026-05-21 12:11:22 UTC
@Hyuneluv-zx3yw,Gunwook snarling I’m deddd,0,2026-05-30 04:19:46 UTC
@melaneac,❤❤❤❤❤,0,2026-05-25 13:49:05 UTC
@userpeeb9kdkhqv,❤❤❤❤❤,0,2026-05-21 23:29:07 UTC
@Fantasyvid,MATTHEW IS SO DAMN FINE!!!!!!!,1,2026-05-22 17:35:17 UTC
@kyawtkay306,Five Cool Gays 🤍,1,2026-05-22 12:30:27 UTC
@rinierr8607,Matthew gada obat,0,2026-05-26 02:34:41 UTC
@minhookies,LOS 5 PARA MÍ SOLITA 🫦🫦🫦🫦🫦🫦,0,2026-05-20 19:55:01 UTC
@dorotheakim93,Will we get unfiltered solo cams???,0,2026-05-21 03:46:35 UTC
@열공열공이다,❤❤,0,2026-05-30 20:33:30 UTC
@jiseonlee4589,언제봐도 지웅이 너무 잘생겼어💙,1,2026-05-20 21:09:57 UTC
@АйнашЕдрисова-л4к,Айнаш Едрисова😅😅😅😅😅😅😅😅😅,1,2026-05-23 04:21:15 UTC
@Sprinkle_ss,KIM JIWOONG SO HANDSOME 😮,1,2026-05-21 21:41:31 UTC
@zuzu_enha,"Seriously, how did those 5 members, all ZeroBaseOne fans, accept this? As an Enhypen fan, I'm going crazy.",1,2026-05-23 19:10:04 UTC
@hao.zerobaseone,Kinda sad . But after all they have chances to sing the chorus!,0,2026-06-13 12:53:24 UTC
@rainibubb,Ah... jiwoong ❤,0,2026-05-20 22:35:26 UTC
@StayingCherry,excuse me they look SOOOOOOOO FINE,1,2026-05-23 23:37:04 UTC
@lnsw007,HINO 🎉,0,2026-05-25 22:07:54 UTC
@Aphadrion,Lol what is Gunwook doing with the ending fairy 😂,0,2026-05-21 16:27:50 UTC
@ernextstudio5974,👋👋👋,0,2026-05-20 22:26:11 UTC
@Zeroze_,ONLY THING I CAN SAY IS ANOTHER SOTY,0,2026-05-20 19:49:36 UTC
@みりん-j3w,ゴヌクはその表情最近本当にお気に入りみたいだね😂,0,2026-05-21 03:35:41 UTC
@meiwardhani6945,kok taerae makin tampan yaa😍,0,2026-05-21 07:09:31 UTC
@chejaeyo,Dont forget to vote!!!,1,2026-05-24 01:53:47 UTC
@Panda68-d3q,Supr Čupr,0,2026-05-21 18:27:39 UTC
@srhjnmr33,"tttaaraeeeeee ❤❤❤❤ I love Taerae here, he is bias on this album!!!! 😊😊😊😊",0,2026-05-21 09:02:58 UTC
@user-fc3so9wp4b,"Just spreading awareness:

Please give lots of love and support to AND2BLE, former ZB1 members, with their new album and music video CURIOUS ❤",1,2026-05-28 19:15:21 UTC
@ruipili1864,😘😘😘😍😍😍,0,2026-05-23 17:01:58 UTC
@SofiaKateDetoya,mine top 5,0,2026-05-20 22:11:29 UTC
@rosieheartz,1:18 ICONIK MENTIONED 🗣️🗣️,0,2026-05-22 10:53:11 UTC
@thensoarewe,2:40 AHHHHHHHHHH,0,2026-05-21 07:02:52 UTC
@jangmiroze,CRAZY KOK BS BER5 GANTENG SEMUA ARGHH,0,2026-05-20 23:26:01 UTC
@giatthew0528,ZB1❤❤❤,1,2026-05-24 07:35:28 UTC
@andypaomc,"I am so proud of all of the members every step of the way was not easy but they’re so strong and I know they have a bright future ahead 
Jiwoong I admire you so much
Matthew you always make me so proud 
Hanbin you’re my inspiration 
Gunwok you’re so talented 
Tarae you’re really showing off your vocals

ZB1 forever",0,2026-05-20 22:36:24 UTC
@Mina-my3ky,1:31 he is literally flying,0,2026-05-20 21:35:09 UTC
@기윤-w1x,한빈아~ 눈빛  찢었다,8,2026-05-27 15:04:34 UTC
@Azsxdcfv830,2:40 막냉잌ㅋㅋㅋㅋㅋㅋ,0,2026-05-21 07:06:16 UTC
@RenataPlechata,Jiwoong...perfection 😍,0,2026-05-23 11:08:50 UTC
@KTRBTANP,박건욱 너무 잘해😍,1,2026-08-12 19:39:25 UTC
@thaisclaro03,"esta intro com o Hanbin, insano!",0,2026-05-20 23:16:03 UTC
@iamvoldy4583,ahhhhahahahhaha i LOVE them! the song is so good?! hello! i mean i swore to not look at zb1 cause damn did b2p give me nightmares! but man this is too good to ignore!,0,2026-05-23 06:50:40 UTC
@Sprinkle_ss,DAMN I CAN'T TAKE MY EYES OFF OF KIM JIWOONG 😂,0,2026-05-21 21:43:25 UTC
@coco-hari,역시 본인이 잘 하는 걸 할때 가장 돋보이는 아이돌 성한빈🔝비주얼 노래 랩 춤 💯성한빈 언제나 응원한다!! 너무 잘 하고 멋있어 역시 썸네일 부터 모든게 빛이 난다 빛이 나✨,10,2026-05-21 07:10:15 UTC
@marrysakkkkkuyyyyya,셜록부터느낌ㅈㄴ좋더니탑파에서레전드를처찍어버리는제베원아가들아,1,2026-05-21 12:15:55 UTC
@AndriasRad,KIM TAERAE WHO ARE YOU!?,1,2026-05-24 16:49:33 UTC
@xalexhc21,YALL TAERAE DID NOT COME TO PLAYY,2,2026-05-21 06:17:18 UTC
@aimeearmentacota8193,Gunwook 🤩,0,2026-05-25 15:17:00 UTC
@LeonardoBatistadaSilva-f4c,O Hanbin vai viajar né,0,2026-06-29 02:34:06 UTC
@aimeearmentacota8193,💙Zb1💙,0,2026-05-25 15:16:52 UTC
@giorno3523,Seok Matthew !!,0,2026-05-20 21:29:47 UTC
@paradoxxxnox,Can someone make me a time stamp with all members? I only know Matthew 😽,1,2026-05-21 19:28:39 UTC
@AliLee04,Me the whole time watching: 👁👄👁,0,2026-05-21 11:21:53 UTC
@pointseventhree,KIM JIWOONGGGG,0,2026-05-21 22:46:19 UTC
@minami_yama,1:32 大移動ジウン🚶=3,1,2026-05-26 14:33:26 UTC
@AlexiaNB,"Park Gunwook… I’m breathless…
You did it all on purpose, right? Say it… 🥹🔥",0,2026-05-21 00:21:31 UTC
@kimjiwoongprotector,Rap Jiwoong favorit ku❤,0,2026-05-20 22:50:40 UTC
@yujin_on_n,석매튜 씨.. 헣허.. 무슨 말 해야 할지 모르겠어서 우선은 감사합니다(?) [엣지]는 석떤 남성에게 쓰라고 있는 단어 아니냐며-,0,2026-05-20 22:45:47 UTC
@cyand410,je suis un peu gourmand,0,2026-05-21 15:34:58 UTC
@GiantMount10s_Star,Why I thought Gunwook is a hyung line😭,0,2026-05-20 20:46:54 UTC
@Luanegra-k-t2n,😊🤍❤️😘💜,1,2026-05-26 19:27:34 UTC
@leessai,i’m going to need everyone to get off my NECK,0,2026-05-20 18:22:50 UTC
@seokjin1834,2:00 OMG Seok Matthewwwwww,0,2026-05-20 23:57:14 UTC
@AJ-xf1wj,😱✋😮‍💨❤️‍🔥🔥😭🤩😫,0,2026-05-22 13:53:25 UTC
@mr.jungjaehyuncansteponme,to this day it still amazes me how talented hanbin is while having a face like that,4,2026-05-20 17:57:54 UTC
@좡-y5y,성한빈 안경쓰고다시찍어줘...,0,2026-05-21 12:06:10 UTC
@seeeeellva,지옹,0,2026-06-14 14:23:37 UTC
@komuroal,1:41,0,2026-05-21 23:34:15 UTC
@말랑-b2i,계속봐 햄냥이가 너무 멋있잖아,5,2026-05-27 13:04:22 UTC
@rvdx667,hung sanbin fr,0,2026-05-25 20:33:24 UTC
@KarlaFuentes-f6h,Karla.  Tvonne.    Tvontes❤❤❤,0,2026-07-11 02:29:36 UTC
@corocorocoronya,ТЭРЭ ТАК ПОДХОДИТ ЭТОТ КОНЦЕПТ ОМГГГ (o゜▽゜)o☆,0,2026-05-21 06:12:11 UTC
@リスペクト-e1r,1:01,0,2026-05-26 01:18:06 UTC
@ぴちゃんだよお,本当に良過ぎる。・°°・(＞_＜)・°°・。,0,2026-05-21 16:08:57 UTC
@phobosarioka5324,박건욱💟💟💟💟💟,1,2026-07-02 17:36:15 UTC
@wedadWodeee,2:00 MATTHEW SO COOL 😩😩😩,0,2026-05-20 19:35:28 UTC
@cynthia-usa,"Born to be an idol HANBIN🐹
His charisma, his stage presence, his dance, his beauty his everything is perfect. And Hanbin's  Dance movements are so clean and elegant. He is very talented and beautiful❤",7,2026-05-20 18:31:03 UTC
@sitarahussain9879,Zerobaseone are so hot and handsome men,0,2026-05-20 19:10:47 UTC
@owongyu,i love hanbinnn❤,5,2026-05-28 18:17:04 UTC
@mikas2808,❤Taerae❤,0,2026-05-22 20:11:46 UTC
@꺄륵-n8m,썸네일 앙나 고트하다,1,2026-05-21 01:18:13 UTC
@Yurayura-h20,1:41 0:52,0,2026-05-25 15:17:47 UTC
@user-tg9ey3cx5z,석매튜 짱이다. 너무 멋있당 ㅠㅠ,4,2026-05-22 03:37:37 UTC
@nchxu,โคตรกึง,0,2026-05-23 01:06:08 UTC
@jocelynxo1708,MATTHEW ❤,1,2026-05-20 20:11:30 UTC
@thensoarewe,"YUMMMMMMM KIM TAERAE GRRRR WOOF WOOF WOOF ARF ARF AHHHHHH 

sorry idk what came over me...",0,2026-05-21 07:01:51 UTC
@NAWALL-7,ً,0,2026-06-18 02:07:08 UTC
@m.a-e4e,SOTY AOTY,0,2026-05-21 02:53:45 UTC
@윤서-l8s,김지웅 성한빈 석매튜 김태래 박건욱 화이팅 💘💘💘💘💘,0,2026-08-17 03:56:41 UTC
@jiyou-r6o,성한빈 너무 멋있고 잘 생겼다 화이팅,4,2026-05-21 21:04:54 UTC
@RegufZxc,Kinda miss 2000s boygroup and zb1 serving top5 just WOW,1,2026-05-21 00:56:26 UTC
@kitwonusvt,Misfit ahh instrumental,0,2026-05-22 06:53:30 UTC
@abelztry7201,I thought this was an nct song,1,2026-06-03 12:48:39 UTC
@chisaquinn,KONTRAK SEUMUR HIDUP KAN?!! KANNN??!!,0,2026-05-22 02:54:01 UTC
@cutefroggy0613,"There were times when all zb1 thumbnails were Zhang Hao😪 Miss ot9, but I'm happy that we still have this 5. Love you, guyssss💙💙💙💙💙",0,2026-05-21 05:52:39 UTC
@lanak7038,I just realized it's Top 5 because the boys are 5 now,0,2026-05-21 05:44:34 UTC
@JohnMichaelBaguion-sm8yf,Please studio choom we also need itzy motto here,0,2026-05-21 02:58:05 UTC
@S2U_verse.ৎ,I miss it when it was ot9😢,0,2026-05-21 16:58:11 UTC
@LigioNa,끝났네 박ㅋㅋㅋㅋㅋㅋ,0,2026-07-05 01:10:44 UTC
@naii.ddarumddarum,sorry but tws when??,0,2026-05-21 10:07:57 UTC
@ZB2BLE-z9i,My Top 5 Are Hanbin Zhang Hao Gyuvin Ricky Gunwook Yujin taerae Jiwoong Matthew ❤😢,0,2026-05-20 20:50:32 UTC
@Kiikiikya,앙딱정 빼고 화이팅,0,2026-07-04 07:50:18 UTC
